788 Sunset Blvd, New York, 90001	New York	Sunset Blvd	90001	United States
389 Broadway, Austin, 10001	Austin	Broadway	10001	United States
139 Main St, Miami, 60601	Miami	Main St	60601	United States
168 Market Street, Atlanta 98101	Atlanta	Market Street	98101	United States
72 Broadway, Boston 02108	Boston	Broadway	02108	United States
928 Maple Rd, Miami 90001	Miami	Maple Rd	90001	United States
810 Elm Street, Los Angeles 60601	Los Angeles	Elm Street	60601	United States
272 Lakeview Drive, Austin, 80202	Austin	Lakeview Drive	80202	United States
535 Sunset Blvd, New York, 33101	New York	Sunset Blvd	33101	United States
408 Market Street, Seattle, 10001	Seattle	Market Street	10001	United States
685 Maple Rd, Atlanta, 30301	Atlanta	Maple Rd	30301	United States
744 Main St, Miami 60601	Miami	Main St	60601	United States
343 Sunset Blvd, Denver, 60601	Denver	Sunset Blvd	60601	United States
741 Lakeview Drive, Atlanta, 90001	Atlanta	Lakeview Drive	90001	United States
194 Market Street, Boston 10001	Boston	Market Street	10001	United States
235 Main St, Miami, 33101	Miami	Main St	33101	United States
507 Main St, Atlanta 73301	Atlanta	Main St	73301	United States
158 Maple Rd, Atlanta, 60601	Atlanta	Maple Rd	60601	United States
11 Maple Rd, Boston 10001	Boston	Maple Rd	10001	United States
263 Oak Ave, Denver, 10001	Denver	Oak Ave	10001	United States
1 Lakeview Drive, Austin 02108	Austin	Lakeview Drive	02108	United States
85 Market Street, Los Angeles, 90001	Los Angeles	Market Street	90001	United States
560 Lakeview Drive, New York, 90001	New York	Lakeview Drive	90001	United States
979 Market Street, New York, 73301	New York	Market Street	73301	United States
357 Market Street, New York 02108	New York	Market Street	02108	United States
735 Lakeview Drive, Chicago 90001	Chicago	Lakeview Drive	90001	United States
845 Oak Ave, Miami 90001	Miami	Oak Ave	90001	United States
314 Lakeview Drive, Atlanta 30301	Atlanta	Lakeview Drive	30301	United States
130 Lakeview Drive, Austin, 33101	Austin	Lakeview Drive	33101	United States
310000 成都市长安街171号	成都市	长安街	310000	中国
310000 深圳市长安街140号	深圳市	长安街	310000	中国
510000 杭州市长安街461号	杭州市	长安街	510000	中国
广州市解放大道793号 215000	广州市	解放大道	215000	中国
上海市和平街893号 510000	上海市	和平街	510000	中国
100000 广州市和平街559号	广州市	和平街	100000	中国
510000 上海市和平街96号	上海市	和平街	510000	中国
200000 成都市人民路908号	成都市	人民路	200000	中国
广州市解放大道961号 100000	广州市	解放大道	100000	中国
上海市和平街777号 200000	上海市	和平街	200000	中国
上海市中山路237号 610000	上海市	中山路	610000	中国
成都市中山路350号 100000	成都市	中山路	100000	中国
200000 苏州市和平街805号	苏州市	和平街	200000	中国
深圳市光明路796号 518000	深圳市	光明路	518000	中国
215000 广州市光明路849号	广州市	光明路	215000	中国
广州市解放大道861号 200000	广州市	解放大道	200000	中国
100000 成都市光明路920号	成都市	光明路	100000	中国
广州市光明路126号 610000	广州市	光明路	610000	中国
518000 广州市西大街371号	广州市	西大街	518000	中国
200000 广州市中山路789号	广州市	中山路	200000	中国
广州市西大街198号 215000	广州市	西大街	215000	中国
100000 深圳市西大街862号	深圳市	西大街	100000	中国
深圳市和平街850号 510000	深圳市	和平街	510000	中国
苏州市和平街378号 518000	苏州市	和平街	518000	中国
510000 广州市长安街515号	广州市	长安街	510000	中国
100000 北京市解放大道601号	北京市	解放大道	100000	中国
518000 广州市长安街588号	广州市	长安街	518000	中国
518000 上海市光明路273号	上海市	光明路	518000	中国
510000 成都市和平街255号	成都市	和平街	510000	中国
346 ถนนนิมมานเหมินท์ หาดใหญ่ 83000	หาดใหญ่	ถนนนิมมานเหมินท์	83000	ประเทศไทย
ถนนพระรามเก้า 439 เชียงใหม่ 10310	เชียงใหม่	ถนนพระรามเก้า	10310	ประเทศไทย
ถนนสีลม 44 เชียงใหม่ 90110	เชียงใหม่	ถนนสีลม	90110	ประเทศไทย
ถนนจันทน์ 892 หาดใหญ่ 83000	หาดใหญ่	ถนนจันทน์	83000	ประเทศไทย
ถนนนิมมานเหมินท์ 475 เชียงใหม่ 10310	เชียงใหม่	ถนนนิมมานเหมินท์	10310	ประเทศไทย
ถนนพระรามเก้า 748 หาดใหญ่ 83000	หาดใหญ่	ถนนพระรามเก้า	83000	ประเทศไทย
ถนนราชดำเนิน 893 เชียงใหม่ 10310	เชียงใหม่	ถนนราชดำเนิน	10310	ประเทศไทย
ถนนจันทน์ 367 ภูเก็ต 40000	ภูเก็ต	ถนนจันทน์	40000	ประเทศไทย
509 ถนนนิมมานเหมินท์ กรุงเทพมหานคร 10310	กรุงเทพมหานคร	ถนนนิมมานเหมินท์	10310	ประเทศไทย
538 ถนนพระรามเก้า เชียงใหม่ 83000	เชียงใหม่	ถนนพระรามเก้า	83000	ประเทศไทย
ถนนจันทน์ 512 หาดใหญ่ 83000	หาดใหญ่	ถนนจันทน์	83000	ประเทศไทย
95 ถนนสุขุมวิท เชียงใหม่ 90110	เชียงใหม่	ถนนสุขุมวิท	90110	ประเทศไทย
ถนนนิมมานเหมินท์ 571 ขอนแก่น 90110	ขอนแก่น	ถนนนิมมานเหมินท์	90110	ประเทศไทย
ถนนนิมมานเหมินท์ 651 เชียงใหม่ 10310	เชียงใหม่	ถนนนิมมานเหมินท์	10310	ประเทศไทย
ถนนสีลม 62 ขอนแก่น 10310	ขอนแก่น	ถนนสีลม	10310	ประเทศไทย
ถนนนิมมานเหมินท์ 158 ขอนแก่น 83000	ขอนแก่น	ถนนนิมมานเหมินท์	83000	ประเทศไทย
248 ถนนจันทน์ เชียงใหม่ 50200	เชียงใหม่	ถนนจันทน์	50200	ประเทศไทย
414 ถนนจันทน์ เชียงใหม่ 10310	เชียงใหม่	ถนนจันทน์	10310	ประเทศไทย
330 ถนนสีลม กรุงเทพมหานคร 10200	กรุงเทพมหานคร	ถนนสีลม	10200	ประเทศไทย
ถนนจันทน์ 909 กรุงเทพมหานคร 10200	กรุงเทพมหานคร	ถนนจันทน์	10200	ประเทศไทย
ถนนจันทน์ 116 ภูเก็ต 83000	ภูเก็ต	ถนนจันทน์	83000	ประเทศไทย
ถนนจันทน์ 27 ภูเก็ต 90110	ภูเก็ต	ถนนจันทน์	90110	ประเทศไทย
425 ถนนสีลม เชียงใหม่ 50200	เชียงใหม่	ถนนสีลม	50200	ประเทศไทย
401 ถนนราชดำเนิน หาดใหญ่ 40000	หาดใหญ่	ถนนราชดำเนิน	40000	ประเทศไทย
890 ถนนพระรามเก้า ขอนแก่น 40000	ขอนแก่น	ถนนพระรามเก้า	40000	ประเทศไทย
749 ถนนจันทน์ ภูเก็ต 40000	ภูเก็ต	ถนนจันทน์	40000	ประเทศไทย
ถนนพระรามเก้า 949 เชียงใหม่ 40000	เชียงใหม่	ถนนพระรามเก้า	40000	ประเทศไทย
ถนนนิมมานเหมินท์ 456 หาดใหญ่ 10310	หาดใหญ่	ถนนนิมมานเหมินท์	10310	ประเทศไทย
400 ถนนสุขุมวิท ภูเก็ต 50200	ภูเก็ต	ถนนสุขุมวิท	50200	ประเทศไทย
東京都本町608 100-0001	東京都	本町	100-0001	日本
東京都中之島公園983 530-0001	東京都	中之島公園	530-0001	日本
大阪市表参道898 530-0001	大阪市	表参道	530-0001	日本
530-0001 大阪市中央通り808	大阪市	中央通り	530-0001	日本
100-0001 京都市中央通り150	京都市	中央通り	100-0001	日本
名古屋市表参道678 530-0001	名古屋市	表参道	530-0001	日本
東京都中央通り118 530-0001	東京都	中央通り	530-0001	日本
東京都桜通り43 602-0895	東京都	桜通り	602-0895	日本
名古屋市桜通り241 530-0001	名古屋市	桜通り	530-0001	日本
530-0001 京都市中之島公園92	京都市	中之島公園	530-0001	日本
京都市銀座411 602-0895	京都市	銀座	602-0895	日本
100-0001 大阪市中央通り564	大阪市	中央通り	100-0001	日本
600-8001 東京都桜通り241	東京都	桜通り	600-8001	日本
福岡市中央通り917 810-0001	福岡市	中央通り	810-0001	日本
600-8001 名古屋市本町380	名古屋市	本町	600-8001	日本
名古屋市中央通り297 810-0001	名古屋市	中央通り	810-0001	日本
京都市中之島公園820 100-0001	京都市	中之島公園	100-0001	日本
602-0895 福岡市中央通り302	福岡市	中央通り	602-0895	日本
名古屋市中之島公園625 530-0001	名古屋市	中之島公園	530-0001	日本
602-0895 名古屋市中央通り611	名古屋市	中央通り	602-0895	日本
602-0895 名古屋市中之島公園73	名古屋市	中之島公園	602-0895	日本
大阪市中之島公園438 600-8001	大阪市	中之島公園	600-8001	日本
810-0001 京都市中之島公園558	京都市	中之島公園	810-0001	日本
600-8001 名古屋市中央通り747	名古屋市	中央通り	600-8001	日本
600-8001 大阪市桜通り189	大阪市	桜通り	600-8001	日本
大阪市中之島公園104 810-0001	大阪市	中之島公園	810-0001	日本
東京都中央通り59 600-8001	東京都	中央通り	600-8001	日本
600-8001 京都市桜通り421	京都市	桜通り	600-8001	日本
810-0001 福岡市銀座812	福岡市	銀座	810-0001	日本
999 Boulevard Haussmann 75001 Nantes	Nantes	Boulevard Haussmann	75001	France
316 Rue de Strasbourg 44000 Marseille	Marseille	Rue de Strasbourg	44000	France
859 Rue de la Paix, 75001 Lyon	Lyon	Rue de la Paix	75001	France
858 Rue de la Paix 31000 Lille	Lille	Rue de la Paix	31000	France
840 Rue de Strasbourg, 69002 Marseille	Marseille	Rue de Strasbourg	69002	France
215 Rue de la Paix, 31000 Toulouse	Toulouse	Rue de la Paix	31000	France
823 Rue de la Republique, 69002 Paris	Paris	Rue de la Republique	69002	France
432 Boulevard Haussmann, 13001 Lyon	Lyon	Boulevard Haussmann	13001	France
895 Rue du Faubourg Saint-Honore, 75001 Toulouse	Toulouse	Rue du Faubourg Saint-Honore	75001	France
273 Boulevard Haussmann, 31000 Paris	Paris	Boulevard Haussmann	31000	France
732 Rue de Strasbourg, 59000 Nantes	Nantes	Rue de Strasbourg	59000	France
561 Rue du Faubourg Saint-Honore 59000 Marseille	Marseille	Rue du Faubourg Saint-Honore	59000	France
316 Rue de Strasbourg 69002 Paris	Paris	Rue de Strasbourg	69002	France
510 Rue de la Republique, 69002 Lyon	Lyon	Rue de la Republique	69002	France
175 Rue de la Paix, 69002 Toulouse	Toulouse	Rue de la Paix	69002	France
460 Avenue des Champs-Elysees, 75001 Lille	Lille	Avenue des Champs-Elysees	75001	France
837 Boulevard Haussmann 44000 Toulouse	Toulouse	Boulevard Haussmann	44000	France
77 Boulevard Haussmann, 13001 Nantes	Nantes	Boulevard Haussmann	13001	France
962 Rue de la Republique 75001 Paris	Paris	Rue de la Republique	75001	France
692 Rue de la Paix, 69002 Nantes	Nantes	Rue de la Paix	69002	France
101 Rue de Strasbourg, 59000 Lyon	Lyon	Rue de Strasbourg	59000	France
631 Rue de Strasbourg 31000 Toulouse	Toulouse	Rue de Strasbourg	31000	France
659 Rue de Strasbourg 69002 Marseille	Marseille	Rue de Strasbourg	69002	France
107 Rue de Strasbourg, 44000 Toulouse	Toulouse	Rue de Strasbourg	44000	France
673 Avenue des Champs-Elysees, 69002 Paris	Paris	Avenue des Champs-Elysees	69002	France
310 Rue de Strasbourg 59000 Nantes	Nantes	Rue de Strasbourg	59000	France
270 Rue de la Republique 44000 Lille	Lille	Rue de la Republique	44000	France
542 Avenue des Champs-Elysees, 59000 Toulouse	Toulouse	Avenue des Champs-Elysees	59000	France
Marktplatz 727, 50667 Berlin	Berlin	Marktplatz	50667	Deutschland
Marktplatz 616, 70173 Koln	Koln	Marktplatz	70173	Deutschland
Kurfuerstendamm 642 80331 Frankfurt	Frankfurt	Kurfuerstendamm	80331	Deutschland
Bahnhofstrasse 828 20095 Berlin	Berlin	Bahnhofstrasse	20095	Deutschland
Kurfuerstendamm 292 70173 Hamburg	Hamburg	Kurfuerstendamm	70173	Deutschland
Lindenweg 384, 10115 Munchen	Munchen	Lindenweg	10115	Deutschland
Hauptstrasse 822 60311 Koln	Koln	Hauptstrasse	60311	Deutschland
Kurfuerstendamm 926, 80331 Frankfurt	Frankfurt	Kurfuerstendamm	80331	Deutschland
Marktplatz 238 10115 Stuttgart	Stuttgart	Marktplatz	10115	Deutschland
Marktplatz 730, 70173 Munchen	Munchen	Marktplatz	70173	Deutschland
Marktplatz 901 80331 Frankfurt	Frankfurt	Marktplatz	80331	Deutschland
Bahnhofstrasse 647 50667 Hamburg	Hamburg	Bahnhofstrasse	50667	Deutschland
Bahnhofstrasse 693 20095 Stuttgart	Stuttgart	Bahnhofstrasse	20095	Deutschland
Lindenweg 747, 10115 Munchen	Munchen	Lindenweg	10115	Deutschland
Marktplatz 793, 70173 Stuttgart	Stuttgart	Marktplatz	70173	Deutschland
Hauptstrasse 151, 80331 Hamburg	Hamburg	Hauptstrasse	80331	Deutschland
Kurfuerstendamm 763, 60311 Stuttgart	Stuttgart	Kurfuerstendamm	60311	Deutschland
Lindenweg 976, 50667 Koln	Koln	Lindenweg	50667	Deutschland
Marktplatz 6 70173 Frankfurt	Frankfurt	Marktplatz	70173	Deutschland
Bahnhofstrasse 693 20095 Munchen	Munchen	Bahnhofstrasse	20095	Deutschland
Hauptstrasse 765 60311 Munchen	Munchen	Hauptstrasse	60311	Deutschland
Bahnhofstrasse 654 10115 Frankfurt	Frankfurt	Bahnhofstrasse	10115	Deutschland
Kurfuerstendamm 336 10115 Frankfurt	Frankfurt	Kurfuerstendamm	10115	Deutschland
Hauptstrasse 39 10115 Frankfurt	Frankfurt	Hauptstrasse	10115	Deutschland
Bahnhofstrasse 994 80331 Hamburg	Hamburg	Bahnhofstrasse	80331	Deutschland
Marktplatz 350, 70173 Stuttgart	Stuttgart	Marktplatz	70173	Deutschland
Lindenweg 670 80331 Berlin	Berlin	Lindenweg	80331	Deutschland
Kurfuerstendamm 439, 60311 Munchen	Munchen	Kurfuerstendamm	60311	Deutschland
276 Calle de Serrano, 08007 Valencia	Valencia	Calle de Serrano	08007	Espana
74 Rambla de Catalunya, 18001 Bilbao	Bilbao	Rambla de Catalunya	18001	Espana
Calle Mayor 572, 28013 Barcelona	Barcelona	Calle Mayor	28013	Espana
498 Calle Mayor, 48001 Bilbao	Bilbao	Calle Mayor	48001	Espana
Calle de Serrano 66, 41001 Sevilla	Sevilla	Calle de Serrano	41001	Espana
337 Rambla de Catalunya, 08007 Barcelona	Barcelona	Rambla de Catalunya	08007	Espana
Calle Alcala 406, 28013 Granada	Granada	Calle Alcala	28013	Espana
Paseo de la Castellana 105, 41001 Valencia	Valencia	Paseo de la Castellana	41001	Espana
124 Calle Mayor, 18001 Valencia	Valencia	Calle Mayor	18001	Espana
Gran Via 887, 28013 Barcelona	Barcelona	Gran Via	28013	Espana
944 Calle de Serrano, 18001 Sevilla	Sevilla	Calle de Serrano	18001	Espana
Calle Alcala 732, 41001 Granada	Granada	Calle Alcala	41001	Espana
959 Calle Mayor, 28013 Sevilla	Sevilla	Calle Mayor	28013	Espana
854 Calle Alcala, 41001 Bilbao	Bilbao	Calle Alcala	41001	Espana
Rambla de Catalunya 342, 28013 Valencia	Valencia	Rambla de Catalunya	28013	Espana
402 Calle Mayor, 41001 Madrid	Madrid	Calle Mayor	41001	Espana
324 Gran Via, 46001 Madrid	Madrid	Gran Via	46001	Espana
484 Rambla de Catalunya, 48001 Barcelona	Barcelona	Rambla de Catalunya	48001	Espana
631 Paseo de la Castellana, 28013 Barcelona	Barcelona	Paseo de la Castellana	28013	Espana
247 Gran Via, 46001 Barcelona	Barcelona	Gran Via	46001	Espana
Gran Via 933, 46001 Bilbao	Bilbao	Gran Via	46001	Espana
808 Calle Alcala, 41001 Barcelona	Barcelona	Calle Alcala	41001	Espana
475 Calle de Serrano, 41001 Sevilla	Sevilla	Calle de Serrano	41001	Espana
82 Calle de Serrano, 46001 Sevilla	Sevilla	Calle de Serrano	46001	Espana
865 Calle Mayor, 48001 Sevilla	Sevilla	Calle Mayor	48001	Espana
Paseo de la Castellana 628, 48001 Sevilla	Sevilla	Paseo de la Castellana	48001	Espana
713 Calle Mayor, 08007 Barcelona	Barcelona	Calle Mayor	08007	Espana
625 Calle Alcala, 18001 Bilbao	Bilbao	Calle Alcala	18001	Espana
931 Rue du Faubourg Saint-Honore, 99002 Lyno	Lyno	Rue du Faubourg Saint-Honore	99002	France
Lindenweg 354 80631 Stuttgart	Stuttgart	Lindenweg	80631	Deutschland
603 Rue du Faubourg Saint-Honore, 69002A Lyn /B	Lyn	Rue du Faubourg Saint-Honore	69002A	France
41 Avenue es Champs-Elysees, 17001 Nates	Nates	Avenue es Champs-Elysees	17001	France
243 Boulevard Haussmann, 44000A Pars	Pars	Boulevard Haussmann	44000A	France
成都市中山路410号 310600	成都市	中山路	310600	中国
上海市 #人民7路62号 510009	上海市 #	人民路	510009	中国
600-8006 東京都中央り通654	東京都	中央り通	600-8006	日本
600-8001X 東京都銀座座575	東京都	銀座座	600-8001X	日本
74 Suunset lBvd, Bostoon 80204	Bostoon	Sunset lBvd	80204	United States
104-0001 名古屋市 bis銀座714	名古屋市 bis	銀座	104-0001	日本
BAhNhofsTrASsE 459, 60301 Hamburg #	Hamburg #	BAhNhofsTrASsE	60301	Deutschland
杭州州市和平街159号 200000X	杭州州市	和平街	200000X	中国
243 ถนนรชดำเนิน ขอแนก่น 12310	ขอแนก่น	ถนนรชดำเนิน	12310	ประเทศไทย
pAseo dE la CaSteLLaNa 58, 41005 Sevill	Sevill	pAseo dE la CaSteLLaNa	41005	Espana
北京市光明路75号 100070	北京市	光明路	100070	中国
大阪市本町 apt219 810-0001X	大阪市	本町 apt	810-0001X	日本
811-0001 京都市市桜通り839	京都市市	桜通り	811-0001	日本
979 Main St, Miami /B, 02108A	Miami /B	Main St	02108A	United States
310900 深圳市和平街318号	深圳市	和平街	310900	中国
京都市本町376 810-0001	京都市	本町	810-0001	日本
Linednweg 36 26095 Muncehn	Muncehn	Linednweg	26095	Deutschland
北京市长安街994号 310000X	北京市	长安街	310000X	中国
208 Rambla de Catalunya, 46006 SeVilLa	SeVilLa	Rambla de Catalunya	46006	Espana
189 Rue de Strasbourg #, 75011 Lille	Lille	Rue de Strasbourg #	75011	France
200000A 杭州市长安街34号	杭州市	长安街	200000A	中国
深圳市中山路142号 61000B	深圳市	中山路	610000B	中国
938 bRoADWay, MMiami, 40601	MMiami	bRoADWay	40601	United States
823 Sunst Blvd, Seattl, 10001X	Seattl	Sunst Blvd	10001X	United States
Calle Alcala 215, 88001 VAleNCIa	VAleNCIa	Calle Alcala	88001	Espana
Lindenweg 878 70173X Muncehn #	Muncehn	Lindenweg	70173X	Deutschland
80 Sunset Blvd, Los Angeles 30301X	Los Angeles	Sunset  Blvd	30301X	United States
610008 苏州市和平街946号	苏州市	和平街	610008	中国
Rambla de Catalunya apt 204, 78007 Bilbao #	Bilbao #	Rambla de Catalunya apt	78007	Espana
杭州市 c/o解放大道331号 510000B	杭州市 c/o	解放大道	510000B	中国
502 ElM sTrEet, Dennver 60641	Dennver	ElM sTrEet	60641	United States
602-0895A 京都都市表表参道36	京都都市	表表参道	602-0895A	日本
Marktlpatz 308 70373 Mucnhen	Mucnhen	Marktlpatz	70373	Deutschland
449 Main St, austIn 98101x	AuStIn	MAIn st	98101X	United States
517 Rue du Faubourg Saint-Honore 44000 Nants apt	Nants	Rue du Faubourg Saint-Honore	44000	France
ถนนสีลม 471 หาดใหญ่่ 30110	หาดใหญ่่	ถนนสีลม	30110	ประเทศไทย
209 Market SStreet, Seattle 10007	Seattle	Market SStreet	10007	United States
107 LaKEVIew DRIvE, ALTANta 33108	Altanta	Lakeview Drive	33108	United States
ถนนนมิมานเหมินท์ 586 ภูเก็ต 83080	ภูเก็ต	ถนนนมิมานเหมินท์	83080	ประเทศไทย
Marktplatz 377 10115X Belin	Belin	Marktplatz	10115X	Deutschland
广州市 apt中山路560号号 510000B	广州市 apt	中山路	510000B	中国
292 Rue de la Paix 13021 Toulouse	Toulouse	Rue de la Paix	13021	France
ถนนนิมมานเหมินท์ 891 ภูเก็ต 83002	ภูเก็ต	ถนนนิมมานเหมินท์	83002	ประเทศไทย
752 Rue du Faubourg Saint-Honore, 44008 Nanets	Nanets	Rue du Faubourg Saint-Honore	44008	France
885 ถนนนิมมานเหมินท์ ขอนแก่น 83700	ขอนแก่น	ถนนนิมมานเหมินท์	83700	ประเทศไทย
625 Calle Mayor bis, 46009 Bilbao c/o	Bilbao c/o	Calle Mayor bis	46009	Espana
名古屋中通り233 100-0001A	名古屋	中通り	100-0001A	日本
名屋古市本本町496 410-0002	名屋古市	本本町	410-0002	日本
510100 深圳市中中山路137号	深圳市	中中山路	510100	中国
ถถนนนิมมานเหมินท์ 568 ขอนกแ่น 10370	ขอนกแ่น	ถถนนนิมมานเหมินท์	10370	ประเทศไทย
ถนนสีลม 592 หาดใหหญ่ 50200X	หาดใหหญ่	ถนนสีลม	50200X	ประเทศไทย
602-8001 大阪市表参道64	大阪市	表参道	602-8001	日本
成都市长安街街993号 510700	成都市	长安街街	510700	中国
279 ถนนจันทน์ ภูเก็ต bis 49000	ภูเก็ต bis	ถนนจันทน์	49000	ประเทศไทย
上海市解放大道952号 316000	上海市	解放大道	316000	中国
681 Avenue des Champs-Elysees 13601 Lyoon	Lyoon	Avenue des Champs-Elysees	13601	France
206 Sunset Blvd, Bosston /B 10501	Boston /B	Sunset Blvd	10501	United States
苏州州市解放大大道541号 518000X	苏州州市	解放大大道	518000X	中国
55 นถนจันทน์ กรงเทพมหานคร 40020	กรงเทพมหานคร	นถนจันทน์	40020	ประเทศไทย
975 Rue de la Paix, 69000 Paris apt	Paris apt	Rue de la Paix	69000	France
大大阪市中央通り487 100-0001A	大大阪市	中央通り	100-0001A	日本
ถนนนิมมานเหมินท์ 61 ภูเก็ 10310B	ภูเก็	ถนนนิมมานเหมินท์	10310B	ประเทศไทย
600-8501 福岡市本町704	福岡市	本町	600-8501	日本
488 Maple Rd, Chicago, 10002	Chicago	Maple Rd	10002	United States
Kurfuerstendamm # 833 50667B Hamburg	Hamburg	Kurfuerstendamm #	50667B	Deutschland
282 ถนนสุขุมวิท # หาดใหญ่ apt 90110A	หาดใหญ่ apt	ถนนสุขุมวิท #	90110A	ประเทศไทย
杭州市 c/o西大街834号 510000X	杭州市 c/o	西大街	510000X	中国
Calle Mayor apt 632, 46001 Bilbao c/o	Bilbao c/o	Calle Mayor apt	46001	Espana
ถนนสีลม bis 58 เชีงยใหม่ 10200B	เชียงใหม่	ถนนสีลม bis	10200B	ประเทศไทย
107000 广州市 bis解解放大道712号	广州市 bis	解解放大道	107000	中国
Lindenweg 72, 20095B Hambuurg	Hambuurg	Lindenweg	20095B	Deutschland
北京市中山山路990号 610000B	北京市	中山山路	610000B	中国
598 ELm sTReET, Austin, 10071	Austin	ELm sTReET	10071	United States
460-8002 京都市表参道77	京都市	表参道	460-8002	日本
824 Rue du Faubourg Saint-Honore, 31004 Lile	Lile	Rue du Faubourg Saint-Honore	31004	France
170000 成都市西大街150号	成都市	西大街	170000	中国
930 Mraket Street, LosAngeles 80202A	LosAngeles	Mraket Street	80202A	United States
ถนนจันทนน์ 74 กรุงเทพมหานคร bis 83005	กรุงเทพมหานคร bis	ถนนจันทนน์	83005	ประเทศไทย
200-8001 大阪市中央通り apt118	大阪市	中央通り apt	200-8001	日本
Lindenwweg 296 67311 Frankfurt	Frankfurt	Lindenwweg	67311	Deutschland
688 ถนนสีลม กรุงเเทพมหานคร 83002	กรุงเเทพมหานคร	ถนนสีลม	83002	ประเทศไทย
530-0001B 京都市本町町495	京都市	本町町	530-0001B	日本
Calle deS errano 881, 48002 Madrid	Madrid	Calle deS errano	48002	Espana
551 mAIn ST, Devner, 30301B	Devner	mAIn ST	30301B	United States
東京都本町87 1601-8001	東京都	本町	601-8001	日本
Schlossallee 783 50667X tuttgart	tuttgart	Schlossallee	50667X	Deutschland
674 Mapple Rd, Chicago, 90001X	Chicago	Mapple Rd	90001X	United States
深圳市西大街778号 010000	深圳市	西大街	010000	中国
ramBlA de caTalUnYa 889, 280003 Barcelona bis	Barcelona bis	ramBlA de caTalUnYa	28003	Espana
ถนนนิมมานนเหมินท์ 824 เชียงใหม่ 83004	เชียงใหม่	ถนนนิมมานนเหมินท์	83004	ประเทศไทย
深圳市 /B长安街971号 100300	深圳市 /B	长安街	100300	中国
820-0001 大阪市中央通り902	大阪市	中央通り	820-0001	日本
Caalle de Serrano 665, 48001X Mdrid	Mdrid	Caalle de Serrano	48001X	Espana
842 Sunset lBvd, ChICAgO 60601B	ChICAgO	Sunset lBvd	60601B	United States
大阪市桜通り594 530-0006	大阪市	桜通り	530-0006	日本
219 Maple  Rd, Miami apt, 90001	Miami apt	Maple  Rd	90001	United States
Schlossllee 24, 50677 Munchne	Munchne	Schlossllee	50677	Deutschland
127 MaIN st, Denvre 988101X	Denvre	MaIN st	98101X	United States
深市和平街304号 215000A	深圳市	和平街	215000A	中国
100-0008 大阪本町419	大阪市	本町	100-0008	日本
756 ถนนจันทน์ apt ขอนแก่น 50200B	ขอนแก่น	ถนนจันทน์ apt	50200B	ประเทศไทย
388 Boulevard  Haussmann 39002 Lilel	Lilel	Boulevard  Haussmann	39002	France
5 Paseo de la Castellana, 11001 ranada	ranada	Paseo de la Castellana	11001	Espana
290000 成成都市长长安街342号	成成都市	长长安街	290000	中国
Sclossallee 218 90311 FrAnKFurt	FrAnKFurt	Sclossallee	90311	Deutschland
215600 深圳市解放大道 bis526号	深圳市	解放大道 bis	215600	中国
ถนนจันทน์ apt 241 อนแก่น 90310	อนแก่น	ถนนจันทน์ apt	90310	ประเทศไทย
raMbLA DE caTalunYa 768, 41003 VALeNCIA	Valencia	Rambla de Catalunya	41003	Espana
696 RuE De LA paIx 71001 NANteS	Nantes	Rue de la Paix	71001	France
310000 成都市和平街 apt371号	成都市	和平街 apt	310000	中国
941 Market Street #, New York, 73301A	New York	Market Street #	73301A	United States
Calle de Serrano 189, 41001B arcelona	arcelona	Calle de Serrano	41001B	Espana
808 MaPLE rD, Devner, 06108	Devner	MaPLE rD	06108	United States
746 MainS t, Los Angels, 62108	Los Angeles	MainS t	62108	United States
Kurfuestendamm 22 70143 Mnchen	Mnchen	Kurfuestendamm	70143	Deutschland
541 rUE de StRasbouRG, 59002 aNntes	aNntes	rUE de StRasbouRG	59002	France
Calle Alcala c/o 425, 00007 Madid	Madid	Calle Alcala c/o	00007	Espana
684 pAseo de la cAStELLaNa, 48001X Seivlla	Seivlla	pAseo de la cAStELLaNa	48001X	Espana
510002 成都市市长安街732号	成都市市	长安街	510002	中国
ถนสุขุมวิท 953 ขอนแก่น /B 40000A	ขอนแก่น /B	ถนสุขุมวิท	40000A	ประเทศไทย
ถนนจันทน์ 399 เชียงใมห่ 10320 #	เชียงใมห่	ถนนจันทน์	10320	ประเทศไทย
Calle Mayor # 611, 18401 Valenci	Valenci	Calle Mayor #	18401	Espana
ถนนจันทน์ 210 กรุงเทพมหานครร 45000	กรุงเทพมหานคร	ถนนจันทน์	45000	ประเทศไทย
801 Sunset Blvd, Dennver 90001	Dennver	Sunset Blvd	90001	United States
810 Boulvard Haussmann 14000 Marseille	Marseille	Boulvard Haussmann	14000	France
Schlosallee 119, 80331B Muncehn	Muncehn	Schlosallee	80331B	Deutschland
297 Broadway, BoStON, 02108X c/o	BoStON	Broadway	02108X	United States
300 Avenue des Champs-Elysees 69009 Nantes	Nantes	Avenue des Champs-Elysees	69009	France
sChLosSALlEE 519 10185 Frankurt	Frankurt	sChLosSALlEE	10185	Deutschland
390 Rue du Faubourg Saint-Honore, 69002A Nantes #	Nantes #	Rue du Faubourg Saint-Honore	69002A	France
611 ถนนราชดำเนิน ขอนแก่น 90310	ขอนแก่น	ถนนราชดำเนิน	90310	ประเทศไทย
510000 成成都市长安街5号	成成都市	长安街	510000	中国
518000 成都市长安街352号	成都市	长安街	518000	中国
119 Rued e Strasbourg, 75003 Marseillee	Marseillee	Rued e Strasbourg	75003	France
561 ถนนพระรามเก้า กรุงเทพมาหนคร 50201	กรุงเทพมาหนคร	ถนนพระรามเก้า	50201	ประเทศไทย
16 Maple Rd, CHIcAgO, 40301 c/o	CHIcAgO	Maple Rd	40301	United States
658 Maple Rd, Denver, 90000	Denver	Maple Rd	90000	United States
600-3001 大阪市桜通り880	大阪市	桜通り	600-3001	日本
ถนนสีลม 163 ภูเกต 94110	ภูเกต	ถนนสีลม	94110	ประเทศไทย
CALLe DE seRRANO 788, 18004 Vaalencia	Vaalencia	CALLe DE seRRANO	18004	Espana
ถนนนิมมานเหมินท์ c/o 544 หาดใหญ่ 00000	หาดใหญ่	ถนนนิมมานเหมินท์ c/o	00000	ประเทศไทย
816-0001 名古屋本町470	名古屋	本町	816-0001	日本
Schlossallee 312 50667A Stuttgarrt	Stuttgarrt	Schlossallee	50667A	Deutschland
541 Rued e la Republique 69002B Lille	Lille	Rued e la Republique	69002B	France
810-0001B 東京都表参道364 c/o	東京都	表参道	810-0001B	日本
460-0002A 名古屋市 c/o表参道25	名古屋市 c/o	表参道	460-0002A	日本
名古市表参道727 460-0002X	名古市	表参道	460-0002X	日本
京都市 /B本町671 600-8001B	京都市 /B	本町	600-8001B	日本
Schlossallee 239 10115B Frankfurt /B	Frankfurt /B	Schlossallee	10115B	Deutschland
Rambla de Catalunya /B 769, 04007 Blibaoo	Blibao	Rambla de Catalunya /B	04007	Espana
Bahnhosftrasse 110 80331X mUnChen	mUnChen	Bahnhosftrasse	80331X	Deutschland
Huptstrasse 931 80339 Berlin	Berlin	Huptstrasse	80339	Deutschland
90 Avenue des Champs-Elysees apt 13001A Lyon apt	Lyon apt	Avenue des Champs-Elysees apt	13001A	France
952 Broadway apt, Los Angeles 38301	Los Angeles	Broadway apt	38301	United States
Schlossallee c/o 340, 70173B kOlN	kOlN	Schlossallee c/o	70173B	Deutschland
46 oak Ave, SeATTLE, 00601	SeATTLE	oak Ave	00601	United States
深圳市光明路803号 518000X	深圳市	光明路	518000X	中国
ถนนพระรามเก้้า 880 กรุงเทพมหานคร /B 82000	กรุงเทพมหานคร /B	ถนนพระรามเก้้า	82000	ประเทศไทย
377 maiN st, Atlanta # 98101X	Atlanta #	maiN st	98101X	United States
585 Calle Mayor, 48601 Barcelona bis	Barcelona bis	Calle Mayor	48601	Espana
596 Ramblade Catalunya, 18061 vALEncIA	vALEncIA	Ramblade Catalunya	18061	Espana
ถนจันทน์ 132 หาดหใญ่ 40000x	หาดหใญ่	ถนจันทน์	40000X	ประเทศไทย
北京市光明路299号 100200	北京市	光明路	100200	中国
Haupttstrasse 457 50567 Berlin	Berlin	Haupttstrasse	50567	Deutschland
苏州市中山路491号 310001	苏州市	中山路	310001	中国
990 PasEo dE lA cASteLLANA, 46091 Valencia c/o	Valencia c/o	PasEo dE lA cASteLLANA	46091	Espana
980 Calle d Serrano, 18001A Granada	Granada	Calle d Serrano	18001A	Espana
828 Oak Ave, Chiccago, 80262	Chiccago	Oak Ave	80262	United States
Paseo de la Castellana 655, 48000 gRANaDA	gRANaDA	Paseo de la Castellana	48000	Espana
735 ถนนสุุขมวิท ภเก็ต 40000A	ภเก็ต	ถนนสุุขมวิท	40000A	ประเทศไทย
京都市市之中島公園871 650-8001	京都市	之中島公園	650-8001	日本
600-8061 大阪市本町 apt883	大阪市	本町 apt	600-8061	日本
729 Calle Mayro, 46001B Sevilla	Sevilla	Calle Mayro	46001B	Espana
215080 深深圳市中山路243号	深深圳市	中山路	215080	中国
Rambla de Catalunya 403, 88007 Vaencia	Vaencia	Rambla de Catalunya	88007	Espana
640 Broaadway, Austin 02108A	Austin	Broaadway	02108A	United States
Calle Allcala 512, 08007A Bilbao	Bilbao	Calle Allcala	08007A	Espana
881 BroADWaYY, Chcago 33101X	Chcago	BroADWaY	33101X	United States
215000 成都西市大大街222号	成都市	西大大街	215000	中国
Kurfuersttendamm 650 70103 Munchne	Munchne	Kurfuersttendamm	70103	Deutschland
東京都 apt表参道602 460-1002	東京都 apt	表参道	460-1002	日本
96 ถนพนระรามเก้า าดใหญ่ 40070	าดใหญ่	ถนพนระรามเก้า	40070	ประเทศไทย
京都市銀座 apt944 670-8001	京都市	銀座 apt	670-8001	日本
140-0001 大阪市表参道 /B45	大阪市	表参道 /B	140-0001	日本
710 ue du Faubourg Saint-Honore, 19002 Lyon	Lyon	ue du Faubourg Saint-Honore	19002	France
700-0001 大阪市桜通りり822	大阪市	桜通りり	700-0001	日本
632 Calle Mayo, 28313 Barcelona #	Barcelona #	Calle Mayo	28313	Espana
ถนนราชดำเนิน 729 ภูเกต็ 17200	ภูเกต็	ถนนราชดำเนิน	17200	ประเทศไทย
643 ถนนราชดำเนิน กรุงเพทมหานคร 88000	กรุงเพทมหานคร	ถนนราชดำเนิน	88000	ประเทศไทย
Calle de Serranoo 410, 18001B Grranada	Grranada	Calle de Serranoo	18001B	Espana
839 Sunset Blvd, Austni 30307	Austni	Sunset Blvd	30307	United States
linDenWEg 798 11115 Frankfurt	Frankfurt	linDenWEg	11115	Deutschland
510700 杭州市 /B中山山路368号	杭州市 /B	中山山路	510700	中国
Marktplatz /B 386 60115 rankfurt	rankfurt	Marktplatz /B	60115	Deutschland
310000A 深圳市 bIs和平街 #180号	深圳市 bis	和平街 #	310000A	中国
708 RuE du fAubOuRg sAiNT-hOnorE 47000 Lille #	Lille #	RuE du fAubOuRg sAiNT-hOnorE	47000	France
Rambla de atalunya 751, 18001B Valencia	Valencia	Rambla de atalunya	18001B	Espana
ถนนพระรามเก้า 61 ขอนแก่น 00200	ขอนแก่น	ถนนพระรามเก้า	00200	ประเทศไทย
100-0004 東京都中央央通り654	東京都	中央央通り	100-0004	日本
160 ถนนีลม ขอนแก่น /B 83000B apt	ขอนแก่น /B	ถนนีลม	83000B	ประเทศไทย
名古屋市市銀座723 104-0001	名古屋市市	銀座	104-0001	日本
Linednweg 56 59667 Stuttgatr	Stuttgatr	Linednweg	59667	Deutschland
809 ถนนินมมานเหมินท์ หาดใหญ่ 50200X	หาดใหญ่	ถนนินมมานเหมินท์	50200X	ประเทศไทย
Rambla d Catalunya 553, 28018 Granaa	Granada	Rambla d Catalunya	28018	Espana
807 Maple Rdd, Denverr 02158	Denverr	Maple Rdd	02158	United States
杭州市和平街 /B328号 518000A	杭州市	和平街 /B	518000A	中国
Calle Myor 958, 41001A Bilbao	Bilbao	Calle Myor	41001A	Espana
458 Elm Streeet, Mimi, 63301	Mimi	Elm Streeet	63301	United States
602-0885 京京都市市桜通り c/o444	京京都市	桜通り c/o	602-0885	日本
765 Lakeview Drive, Atlanta, 33103	Atlanta	Lakeview Drive	33103	United States
東京都 #本町 #168 600-8001A	東京都 #	本町 #	600-8001A	日本
841 ถนนนิมมานเหมินท์ ภูเก็ต apt 41000	ภูเก็ต apt	ถนนนิมมานเหมินท์	41000	ประเทศไทย
305 Calle Alcaal, 28013 Bilbao bis	Bilbao bis	Calle Alcaal	28013	Espana
京都市 c/o銀座座659 530-0001	京都市 c/o	銀座座	530-0001	日本
granVIa 665, 08009 aMdrid	aMdrid	gran VIa	08009	Espana
518000A 广州市长安街228号 /B	广州市	长安街	518000A	中国
209 Rue de la Paix apt 75001X TOULOusE	TOULOusE	Rue de la Paix apt	75001X	France
995 ถนนสุขุมวทิ กรุงเทพมหานคร 10204	กรุงเทพมหานคร	ถนนสุขุมวทิ	10204	ประเทศไทย
ถนนราชดำเนิน apt 237 ภูเก็ต 10310X	ภูเก็ต	ถนนราชดำเนิน apt	10310X	ประเทศไทย
杭州市解放大道217号 200009	杭州市	解放大道	200009	中国
510000B 苏苏州市和平街377号	苏苏州市	和平街	510000B	中国
958 Elm Street c/o, Bston 05108	Bston	Elm Street c/o	05108	United States
广州市西大街615号 518500	广州市	西大街	518500	中国
470 Rue du Faubuorg Saint-Honore 44000B Pars	Pars	Rue du Faubuorg Saint-Honore	44000B	France
名古屋市中央通り527 700-8001	名古屋市	中央通り	700-8001	日本
RamblA DE catAlUnYA 659, 18701 Bilbao apt	Bilbao apt	RamblA DE catAlUnYA	18701	Espana
203 Rue de Strasbourg 44001 Llile	Llile	Rue de Strasbourg	44001	France
名古古屋市桜通り753 602-0855	名古古屋市	桜通り	602-0855	日本
福岡市 bis本町340 467-0002	福岡市 bis	本町	467-0002	日本
8 Sunset Blvvd, Chicago apt, 10001X	Chicago apt	Sunset Blvvd	10001X	United States
897 Calle de Serrano bis, 46001X Madrrid	Madrrid	Calle de Serrano bis	46001X	Espana
京都都市表参道962 810-0007	京都都市	表参道	810-0007	日本
ถนนสุขุมวิท 81 กรุงเทพมหานคร /B 90110B	กรุงเทพมหานคร /B	ถนนสุขุมวิท	90110B	ประเทศไทย
311 Boulevard Haussann, 44000 Nantes	Nantes	Boulevard Haussann	44000	France
32 Rue de Strasbourg c/o, 05001 Lille c/oo	Lille c/o	Rue de Strasbourg c/o	05001	France
杭州市 /B光光明路282号 120000	杭州市 /B	光光明路	120000	中国
694 Main St, ATLaNtA, 10001X	ATLaNtA	Main St	10001X	United States
310000 广州市解放大道 apt720号	广州市	解放大道 apt	310000	中国
Hautstrasse 9 80331A Koln	Koln	Hautstrasse	80331A	Deutschland
Hauptstrasse 883, 20095A BBerlin	BBerlin	Hauptstrasse	20095A	Deutschland
PasEo de lA cASTEllaNa 123, 18001X Bilbao	Bilbao	PasEo de lA cASTEllaNa	18001X	Espana
Rambla de Cataluya 456, 46001X Sevilla	Sevilla	Rambla de Cataluya	46001X	Espana
名古屋市本町212 602-9895	名古屋市	本町	602-9895	日本
918 ถนนสุขขุมวิท หาดใหญ่ 40000B	หาดใหญ่	ถนนสุขขุมวิท	40000B	ประเทศไทย
Lindenweg bis 955 28095 Frankfurt bis	Frankfurt bis	Lindenweg bis	28095	Deutschland
ถนนจันทน์ /B 188 กรุงเทพมหานนคร 10390	กรุงเทพมหานนคร	ถนนจันทน์ /B	10390	ประเทศไทย
ถนนราชดำเนิน 755 เชียงใหม่ bis 83200	เชียงใหม่ bis	ถนนราชดำเนิน	83200	ประเทศไทย
759 Paseo de la Casteellana, 18001A bArcELOna /B	bArcELOna	Paseo de la Casteellana	18001A	Espana
262 aMple Rd, Denver bis, 33101B	Denver bis	aMple Rd	33101B	United States
深圳市中山路485号 510000A	深圳市	中山路	510000A	中国
15 aMple Rd, Denevr, 73301B	Denevr	aMple Rd	73301B	United States
847 Rambla de Catalunya /B, 58001 Granada apt	Granada	Rambla de Catalunya /B	58001	Espana
522 Avenue des hamps-Elysees 52000 Marseille bis	Marseille bis	Avenue des hamps-Elysees	52000	France
602 ถนนรพะรามเก้า หาดใญ่ 60110	หาดใญ่	ถนนรพะรามเก้า	60110	ประเทศไทย
GRAn Via 699, 46001X Valencia apt	Valencia apt	GRAn Via	46001X	Espana
215007 上海市 bis长安街675号	上海市 bis	长安街	215007	中国
46 Sunset Blvd, eSattle 98101A	eSattle	Sunset Blvd	98101A	United States
Calle Alcaa 114, 26013 Sevilla	Sevilla	Calle Alcaa	26013	Espana
大阪市中之島公園 /B771 602-0895A	大阪市	中之島公園 /B	602-0895A	日本
953 Rambla de Catlunya, 08017 ValeNcIa	ValeNcIa	Rambla de Catlunya	08017	Espana
Linednweg 316, 80331A Hambburg	Hambburg	Linednweg	80331A	Deutschland
592 ถนนสุขุมวิท กรุงเทพพมหานคร 10310B	กรุงเทพพมหานคร	ถนนสุขุมวิท	10310B	ประเทศไทย
kUrfuErstENdaMm 347, 50665 Berlin c/o	Berlin c/o	kUrfuErstENdaMm	50665	Deutschland
Marktplatz 366 20091 Berlin	Berlin	Marktplatz	20091	Deutschland
496 ถนนนิมมานเหมินท์ ขอนแก่นน 10280	ขอนแก่นน	ถนนนิมมานเหมินท์	10280	ประเทศไทย
625 Lakeview Drive, Seattle, 68101 apt	Seattle	Lakeview Drive	68101	United States
北京市中山路858号 510000B	北京市	中山路	510000B	中国
นนสีลม 212 ขอแก่น 40000B	ขอแก่น	นนสีลม	40000B	ประเทศไทย
510000X 深圳市长安街983号	深圳市	长安街	510000X	中国
570000 成都市中山路549号	成都市	中山路	570000	中国
北京市 bis西大街 apt438号 517000 c/o	北京市 bis	西大街 apt	517000	中国
90 Rambla de Catalunya, 18001X Valenci	Valenci	Rambla de Catalunya	18001X	Espana
713 Maret Street, BoStOn, 60605	BoStOn	Maret Street	60605	United States
861 Rue de la Republiqu 75001X Lyon	Lyon	Rue de la Republiqu	75001X	France
GGran Via 65, 088097 Madrid	Madrid	GGran Via	08097	Espana
ถนนสุขุมวิท 824 อนแก่น 10200B	อนแก่น	ถนนสุขุมวิท	10200B	ประเทศไทย
100600 成都市光明路569号 apt	成都市	光明路	100600	中国
Markptlatz 604, 50647 Hambburg	Hambburg	Markptlatz	50647	Deutschland
510000B 杭市解放大道751号	杭州市	解放大道	510000B	中国
38 Oak vAe, Chicago 33101B	Chicago	Oak vAe	33101B	United States
kurFUErStENDaMM 679, 80331 Frankfurt	Frankfurt	kurFUErStENDaMM	80331	Deutschland
126 Avenue des Champs-Elysees, 44000B Marseille	Marseille	Avenue des Champs-Elysees	44000B	France
广州市长安街869号 310000A	广州市	长安街	310000A	中国
845 ถนนสุขุมวิท เชียงใม่ 50300	เชียงใม่	ถนนสุขุมวิท	50300	ประเทศไทย
620000 苏苏州市山路212号	苏苏州市	中山路	620000	中国
Hauptstrase 671, 20095B Berlin	Berlin	Hauptstrase	20095B	Deutschland
ถนนราชดำเนิน # 513 เชียงใหม่ 14200	เชียงใหม่	ถนนราชดำเนิน #	14200	ประเทศไทย
215090 深圳市放解大道779号	深圳市	放解大道	215090	中国
896 Oak Ae, Chicago 60601X	Chicago	Oak Ae	60601X	United States
780 RUe Du FAUBoUrG Saint-hoNOre, 69702 NAaNTEs	Naantes	RuE Du FAuBOURG saINt-honoRE	69702	France
880 Sunset Blvd, Atlaanta, 02108X	Atlaanta	Sunset Blvd	02108X	United States
33 ถนนพระรามเก้า ขอนแก่น 40090	ขอนแก่น	ถนนพระรามเก้า	40090	ประเทศไทย
Schhlossallee 313, 50667X Frankfurt bis	Frankfurt bis	Schhlossallee	50667X	Deutschland
765 Calle Alcala, 41001 Graanada	Graanada	Calle Alcala	41001	Espana
857 Rue du Faubourg Saint-Honore /B 69092 Lille	Lille	Rue du Faubourg Saint-Honore /B	69092	France
Marktpltz 521 10115B Koln /B	Koln /B	Marktpltz	10115B	Deutschland
971 Rue de la Republique, 49000 Pairs	Pairs	Rue de la Republique	49000	France
Schlossalele 596 50667B Mnchen	Mnchen	Schlossalele	50667B	Deutschland
902 Oak Ave #, Botson 33101A	Botson	Oak Ave #	33101A	United States
983 Elm Street, Denver apt, 03108	Denver apt	Elm Street	03108	United States
ถนนนิมมานเหมินท์ 367 เชีียงใหม่ 90110A	เชีียงใหม่	ถนนนิมมานเหมินท์	90110A	ประเทศไทย
广州市长安街8号 310020	广州市	长安街	310020	中国
ถนนราชดำเนิน 613 หาดใหญ่ 90110X	หาดใหญ่	ถนนราชดำเนิน	90110X	ประเทศไทย
上海海市人民路33号 370000	上海海市	人民路	370000	中国
Gran Via 350, 46001B Bilbbao	Bilbbao	Gran Via	46001B	Espana
873 mArkET StreEt, Dnever 80202B	Dnever	mArkET StreEt	80202B	United States
杭州市中山647号 610000A	杭州市	中山路	610000A	中国
193 LakevIEW DrIvE, Miami, 30301	Miami	LakevIEW DrIvE	30301	United States
Hauptstrasse bis 458, 10115B Berlin	Berlin	Hauptstrasse bis	10115B	Deutschland
885 Paseo de la Castellana apt, 28017 Madrid c/o	Madrid c/o	Paseo de la Castellana apt	28017	Espana
113 OAk Ave, Atlnta 30301B	Atlnta	OAk Ave	30301B	United States
335 Sunset Bvd, Los Aneles, 80208	Los Aneles	Sunset Bvd	80208	United States
401 Boulevard Haussmann 29000 Lyyon	Lyyon	Boulevard Haussmann	29000	France
Calle de Seerrano 240, 18001A madriD	madriD	Calle de Seerrano	18001A	Espana
310009 杭州市 bis解放大道 c/o46号	杭州市 bis	解放大道 c/o	310009	中国
901 Calle Alcala, 46001A Granada	Granada	Calle Alcala	46001A	Espana
993 Clale Mayor, 27013 Bilboa	Bilboa	Clale Mayor	27013	Espana
460-0002X 古名屋市桜通り52	古名屋市	桜通り	460-0002X	日本
广州市光明路 c/oo628号 400000	广州市	光明路 c/o	400000	中国
Banhofstrasse 936 20095X unchen	unchen	Banhofstrasse	20095X	Deutschland
ถนนสุขุมวิท 500 หาดใหญ่ 40005	หาดใหญ่	ถนนสุขุมวิท	40005	ประเทศไทย
Hauptstrsse 250 10115A eBrlin	eBrlin	Hauptstrsse	10115A	Deutschland
385 Calle de Serrano, 46001 Granaad	Granaad	Calle de Serrano	46001	Espana
846 ถนนีสลม ภูเก็ต 10200X	ภูเก็ต	ถนนีสลม	10200X	ประเทศไทย
杭州市中山路949号 215000B	杭州市	中山路	215000B	中国
Calle de Serrano 870, 48001A Sevilla apt	Sevilla apt	Calle de Serrano	48001A	Espana
100-0000 東京都表参道152	東京都	表参道	100-0000	日本
640 Broadway c/o, Los Angele, 60601X	Los Angele	Broadway c/o	60601X	United States
612 Rue de la Paix 69002B Nanes	Nanes	Rue de la Paix	69002B	France
ถนนสุขุมวิท 32 กรุงเทพมหหานคร 70200	กรุงเทพมหหานคร	ถนนสุขุมวิท	70200	ประเทศไทย
697 Boulevard Haussmann 13001 Toulouse	Toulouse	Boulevard Haussmann	13001	France
Calle Mayor 84, 46001B Barcelona	Barcelona	Calle Mayor	46001B	Espana
Hauptstrasse 648 70103 Munchen	Munchen	Hauptstrasse	70103	Deutschland
970 Avenue des Champs-Elysees /B 69005 Lyooon	Lyoon	Avenue des Champs-Elysees /B	69005	France
310000X 成都市市光明路225号	成都市市	光明路	310000X	中国
100-0401 東京都中之島公園563	東京都	中之島公園	100-0401	日本
Rambla de Cattalunya 310, 08001 Madrid	Madrid	Rambla de Cattalunya	08001	Espana
ถนนจันทน์ 221 ภูเก็ต 20110	ภูเก็ต	ถนนจันทน์	20110	ประเทศไทย
603-8001 大阪市表参道119	大阪市	表参道	603-8001	日本
406 Maple Rd c/o, Miaami 30371	Miaami	Maple Rd c/o	30371	United States
Schlossallee 813 40173 Koln	Koln	Schlossallee	40173	Deutschland
東京都表参道879 460-0002B	東京都	表参道	460-0002B	日本
杭州市 bis人民路515号 518500	杭州市 bis	人民路	518500	中国
324 Boulevard Haussmann #, 34000 Paris	Paris	Boulevard Haussmann #	34000	France
204 ถนนสีลม ภูเก็ต 50300	ภูเก็ต	ถนนสีลม	50300	ประเทศไทย
ถนนจันทน์ 817 กรุงเทพมหานคร 10209	กรุงเทพมหานคร	ถนนจันทน์	10209	ประเทศไทย
Kurfurstendamm 777 40667 fraKfURT	franKfURT	Kurfurstendamm	40667	Deutschland
ถนนจันทน์ 321 หาดใหญ่ 10310B	หาดใหญ่	ถนนจันทน์	10310B	ประเทศไทย
深深圳市解放大道483号 215000A	深深圳市	解放大道	215000A	中国
500 Sunset Blvd, Mami 80208	Mami	Sunset Blvd	80208	United States
Marktpaltz 164, 80351 haMburG	haMburG	Marktpaltz	80351	Deutschland
304 ถนนสุขุมวิท กรุงเทพมหานคร 10000	กรุงเทพมหานคร	ถนนสุขุมวิท	10000	ประเทศไทย
243 ถนนราชดำเนิน apt ขอนแก่น 10200A	ขอนแก่น	ถนนราชดำเนิน apt	10200A	ประเทศไทย
北京市长安街584号 160000	北京市	长安街	160000	中国
kUrFueRSteNDAmM 103, 40115 Sttuttgart	Sttuttgart	kUrFueRSteNDAmM	40115	Deutschland
828 Rue de la Paix c/o, 68002 Toluouse	Toluouse	Rue de la Paix c/o	68002	France
215000X 苏州市平街827号	苏州市	和平街	215000X	中国
811 Rue de la Republique 13701 Nantes	Nantes	Rue de la Republique	13701	France
216 paSEO dE la CaStellaNA, 14001 MADRID	MADRID	paSEO dE la CaStellaNA	14001	Espana
510000X 苏州市光明路566号	苏州市	光明路	510000X	中国
850 RUe dU faUBURg saInt-hONore, 75001X MArsEILLE	marSEILLe	Rue du Fauburg Saint-Honore	75001X	France
473 paSeo dE lA cASTELLaNA, 28033 Sevilla	Sevilla	paSeo dE lA cASTELLaNA	28033	Espana
福岡市 #中之島公園493 602-0895A	福岡市 #	中之島公園	602-0895A	日本
844 Avenue des Champs-Elsyees, 13006 Lille /B	Lille /B	Avenue des Champs-Elsyees	13006	France
京都市表参道804 010-0001	京都市	表参道	010-0001	日本
287 ถนนสุขมวิท กรุงเพทมหานคร 50290	กรุงเพทมหานคร	ถนนสุขมวิท	50290	ประเทศไทย
Kurfuerstendamm 487 60312 Koln	Koln	Kurfuerstendamm	60312	Deutschland
Hauptstrasse /B 351 60311 Frankfurt	Frankfurt	Hauptstrasse /B	60311	Deutschland
Martkplatz 522, 60311X Muncheen	Muncheen	Martkplatz	60311X	Deutschland
890 rAMBLA DE catAlUNYA, 28813 Barcleona	Barcleona	rAMBLA DE catAlUNYA	28813	Espana
652 Rue de la Republique, 75001A Marseille #	Marseille #	Rue de la Republique	75001A	France
Hauptsrtasse 863 53667 Frnkfurt c/o	Frnkfurt	Hauptsrtasse	53667	Deutschland
455 ถนนสลม ขอนแก่่น 50200B	ขอนแก่่น	ถนนสลม	50200B	ประเทศไทย
東京都本町861 840-0001	東京都	本町	840-0001	日本
ถนนราชำดเนิน 301 กรุงเทพมหานคร 40008 apt	กรุงเทพมหานคร	ถนนราชำดเนิน	40008	ประเทศไทย
Rambla de Catalunya 910, 46001A Bilabo	Bilbao	Rambla de Catalunya	46001A	Espana
Paseo de la Castellana 685, 28013 Valencia	Valencia	Paseo de la Castellana	28013	Espana
Markktplatz 665 101133 Hambburg	Hambburg	Markktplatz	10113	Deutschland
Schlossalleee 105 10667 KKoln	KKoln	Schlossalleee	10667	Deutschland
995 Sunset Blvd bis, tAlanta 02108X	tAlanta	Sunset Blvd bis	02108X	United States
lindeNweg 734 80631 Hamburg #	Hamburg #	lindeNweg	80631	Deutschland
Hauptstrases 911 20035 Berlin	Berlin	Hauptstrases	20035	Deutschland
604 Oak Ave, Los Anglees 30305	Los Anglees	Oak Ave	30305	United States
Hauptstrasse c/o 505, 9011 Berlin bis	Berlin bis	Hauptstrasse c/o	90115	Deutschland
CAllE ALcAla 151, 08007 Madriid c/o	Madriid	CAllE ALcAla	08007	Espana
936 Ok Ave, Bostton 10201	Bostton	Ok Ave	10201	United States
Lidnenweg 897, 10135 STutTgART	STutTgART	Lidnenweg	10135	Deutschland
246 Main St, Seattle c/o, 80202A	Seattle c/o	Main St	80202A	United States
Schlossallee 236, 15115 haMBURg	haMBURg	Schlossallee	15115	Deutschland
676 ElmStreet, Seattle /B 33701	Seattle /B	ElmStreet	33701	United States
709 ถนนรชดำเนิน หาดหญ่ 10600	หาดหญ่	ถนนรชดำเนิน	10600	ประเทศไทย
chlossallee 550 20115 Frankfurrt	Frankfurrt	chlossallee	20115	Deutschland
ถนนจันทน์ 919 ขขอนแก่น 73000	ขขอนแก่น	ถนนจันทน์	73000	ประเทศไทย
329 Rue de la Republique #, 31000 Marseillee	Marseillee	Rue de la Republique #	31000	France
Marktplatz 242, 23095 Stuttgart	Stuttgart	Marktplatz	23095	Deutschland
名古屋市銀座913 460-0002A	名古屋市	銀座	460-0002A	日本
626 ถนนจันทน์ หาดให่ญ 10330	หาดให่ญ	ถนนจันทน์	10330	ประเทศไทย
上海市中山山路987号 518060	上海市	中山山路	518060	中国
102000 上海市光明路753号	上海市	光明路	102000	中国
624 ถนนสีลม ขอนแก่น 90116	ขอนแก่น	ถนนสีลม	90116	ประเทศไทย
800-0001 東東京都中之島公園 /B368	東東京都	中之島公園 /B	800-0001	日本
456 oaK avE, Boston 60701	Boston	oaK avE	60701	United States
174 CALle de seRRaNo, 41071 Valencia	Valencia	CALle de seRRaNo	41071	Espana
Schlossallee 277, 10115B StuttgART	StuttgART	Schlossallee	10115B	Deutschland
Hauuptstrasse 798 70173B HaMBuRG	HaMBuRG	Hauuptstrasse	70173B	Deutschland
423 Sunst Blvd, New Yrok 73501	New Yrok	Sunst Blvd	73501	United States
ถนนราดำเนิน 878 เชียงใหม่ 81000	เชียงใหม่	ถนนราดำเนิน	81000	ประเทศไทย
ถนนสีลม 844 ภูเก็ต 83007	ภูเก็ต	ถนนสีลม	83007	ประเทศไทย
402-0895 東京都 apt本町607	東京都 apt	本町	402-0895	日本
668 ถนนนิมมานเหมินท์ ขอนแก่น 84000	ขอนแก่น	ถนนนิมมานเหมินท์	84000	ประเทศไทย
100000B 广州市西大街802号	广州市	西大街	100000B	中国
855 Rambla de Catalunya, 18091 Grnaada	Grnaada	Rambla de Catalunya	18091	Espana
275 ถนนนิมมานหเมินท์ ภููเก็ต 60310	ภููเก็ต	ถนนนิมมานหเมินท์	60310	ประเทศไทย
Rambla de Catalunya 267, 36001 Valencia /B	Valencia /B	Rambla de Catalunya	36001	Espana
204 Lakeview Drive, New YORk 60601X	New YORk	Lakeview Drive	60601X	United States
294 Lakeview Drvie, Dever 10001A	Dever	Lakeview Drvie	10001A	United States
294 ถนนสีลม กรุงเทพมหานคร 10200A	กรุงเทพมหานคร	ถนนสีลม	10200A	ประเทศไทย
Paseo de la Castellana 407, 01007 sevIllA	sevIllA	Paseo de la Castellana	01007	Espana
名古屋市 bis本町684 530-0001B	名古屋市 bis	本町	530-0001B	日本
Bahnhofstrasse c/o 913 50661 Berin	Berlin	Bahnhofstrasse c/o	50661	Deutschland
810-0001X 大阪市本町339	大阪市	本町	810-0001X	日本
658 Markket Street, Botson 93101	Botson	Markket Street	93101	United States
910-0001 大阪市桜通り758	大阪市	桜通り	910-0001	日本
26 Lakeeview Drive, Austin 80232	Austin	Lakeeview Drive	80232	United States
832 Maaple Rd, Denver, 73301B	Denver	Maaple Rd	73301B	United States
943 Market Street, Austin /B 10001B	Austin /B	Market Street	10001B	United States
名古屋市 apt桜通り #479 100-0091	名古屋市 apt	桜通り #	100-0091	日本
764 Lakeview Driive, Miai, 02108A	Miai	Lakeview Driive	02108A	United States
Hauptstrasse 978, 70173X Frankfurt apt	Frankfurt apt	Hauptstrasse	70173X	Deutschland
Kufuerstendamm 904, 10118 BerLiN	BerLiN	Kufuerstendamm	10118	Deutschland
828 Sunset Blvd c/o, LoS AngeLEs 10201	LoS AngeLEs	Sunset Blvd c/o	10201	United States
750 ถนนพระรามเก้า /B หาดใหญ่ 10200	หาดใหญ่	ถนนพระรามเก้า /B	10200	ประเทศไทย
GGran Via 365, 28013X Grannada	Grannada	GGran Via	28013X	Espana
Bahnhofstrassee 995, 50767 Munchn	Munchn	Bahnhofstrassee	50767	Deutschland
236 ถนนนิมมานเหมินท์ หาดใหญ่ 50200X	หาดใหญ่	ถนนนิมมานเหมินท์	50200X	ประเทศไทย
335 Paseo de la Castellana, 46001 Valenncia	Valenncia	Paseo de la Castellana	46001	Espana
55 Oak  Ave, Loos Angeles, 30301X	Loos Angeles	Oak  Ave	30301X	United States
729 ถนนจันทน์ # กรุงเทพมหานคร 50280	กรุงเทพมหานคร	ถนนจันทน์ #	50280	ประเทศไทย
福岡市中島之公園670 538-0001	福岡市	中島之公園	538-0001	日本
557 aClle Alcala /B, 18001A Bilbao	Bilbao	Calle Alcala /B	18001A	Espana
深深圳市西大街593号 212000	深深圳市	西大街	212000	中国
Markktplatz 959 20095A Farnkfurt	Farnkfurt	Markktplatz	20095A	Deutschland
376 roadway, AusTin, 73001	AusTin	roadway	73001	United States
145 Sunset Blvd, Boston bis 33101X bis	Boston bis	Sunset Blvd	33101X	United States
東京都表参道502 602-0895B	東京都	表参道	602-0895B	日本
257 Lakeivew Drive, seATTLe 85202	seATTLe	Lakeivew Drive	85202	United States
964 Lakeview Drive, Chicago c/o, 7330A	Chicago c/o	Lakeview Drive	73301A	United States
100-0001A 京都市中央通り752	京都市	中央通り	100-0001A	日本
Lindenweg # 335, 60011 rFankfurt	rFankfurt	Lindenweg #	60011	Deutschland
758 Paseo de la Castellana, 48001B Granaad	Granaad	Paseo de la Castellana	48001B	Espana
366 rUe dU FaubouRg saINT-HonoRe, 43001 LLyon	LLyon	rUe dU FaubouRg saINT-HonoRe	43001	France
871 Laeview Drive, Denver # 02188	Denver #	Laeview Drive	02188	United States
642-0895 京都市本町町985	京都市	本町町	642-0895	日本
ถนนพระรามเก้า 925 ภูกเ็ต 10350	ภูกเ็ต	ถนนพระรามเก้า	10350	ประเทศไทย
602-2895 福岡市 c/o中央央通り833	福岡市 c/o	中央央通り	602-2895	日本
255 ถนนพระรามเก้า เชียงใหม่ 10290	เชียงใหม่	ถนนพระรามเก้า	10290	ประเทศไทย
Kurfuerstendamm # 307 20075 Koln	Koln	Kurfuerstendamm #	20075	Deutschland
lINddeNWEG 91, 50667 MUnHCEN	Munhcen	Linddenweg	50667	Deutschland
905 ถนนพระรามเก้า c/o กรุงเทพมหานคร 40000A	กรุงเทพมหานคร	ถนนพระรามเก้า c/o	40000A	ประเทศไทย
694 Rue de Strassbourg, 44000 Pariss	Pariss	Rue de Strassbourg	44000	France
Hauptstrasse 273 80331B Hamubrg	Hamubrg	Hauptstrasse	80331B	Deutschland
355 Laekview Drive, Los Angeles, 94001	Los Angeles	Laekview Drive	94001	United States
Schlossalllee 723 10815 Kol	Kol	Schlossalllee	10815	Deutschland
245 RaMBLa de CATaLUNYA, 41001B Madrid	Madrid	RaMBLa de CATaLUNYA	41001B	Espana
Bahnhofstrasse c/o 871, 10115 Hamburg /B	Hamburg /B	Bahnhofstrasse c/o	10115	Deutschland
Lindennweg 483, 50867 Frankfurt	Frankfurt	Lindennweg	50867	Deutschland
Bahnhofstrasse 631, 70473 Hamburg	Hamburg	Bahnhofstrasse	70473	Deutschland
SCHLoSsalLee 369 20195 Koln #	Koln #	SCHLoSsalLee	20195	Deutschland
ถนนสลีม 154 ภูเก็ 70110	ภูเก็	ถนนสลีม	70110	ประเทศไทย
896 Boulevard Haussman 99000 Llle	Llle	Boulevard Haussman	99000	France
ถนนนิมมานเหมินท์ 238 ขอนแก่น 90110X	ขอนแก่น	ถนนนิมมานเหมินท์	90110X	ประเทศไทย
159 Rue de Strasbourg c/, 13001 LYOn	LYOn	Rue de Strasbourg c/o	13001	France
ถนนพระรรามเก้า 586 เชียงใหม่ c/o 83000B	เชียงใหม่ c/o	ถนนพระรรามเก้า	83000B	ประเทศไทย
深圳市解放大道963号 310000A	深圳市	解放大道	310000A	中国
福岡市中之島公園505 600-8001X	福岡市	中之島公園	600-8001X	日本
Rammbla de Catalunya 952, 28003 Madrid	Madrid	Rammbla de Catalunya	28003	Espana
215000B 深圳市光明路347号	深圳市	光明路	215000B	中国
153 Sunset Blvd, Miaami 10001A	Miaami	Sunset Blvd	10001A	United States
366 Lakeview Drive /B, Altanta 33105	Altanta	Lakeview Drive /B	33105	United States
886 Boulevard Hausmsann, 75101 Lyon bis	Lyon bis	Boulevard Hausmsann	75101	France
杭杭州市和平街街473号 216000	杭杭州市	和平街街	216000	中国
448 Clale Mayor, 28053 Valencia	Valencia	Clale Mayor	28053	Espana
大阪市中通央り903 460-0002	大阪市	中通央り	460-0002	日本
440 ถนนสุขุมิท ขอนแก่น 17310	ขอนแก่น	ถนนสุขุมวิท	17310	ประเทศไทย
395 Main St, oston, 33101X	oston	Main St	33101X	United States
Hauptstrasse 603 60311B mUncHeN	mUncHeN	Hauptstrasse	60311B	Deutschland
800-0001 東京都本町209	東京都	本町	800-0001	日本
ถนนพระรามมเก้า 83 เชียงใหมม่ 70310	เชียงใหมม่	ถนนพระรามมเก้า	70310	ประเทศไทย
100-7001 京都市桜通り402	京都市	桜通り	100-7001	日本
118 Rue du Faubourg Saint-Honore, 31400 Lyon /B	Lyon /B	Rue du Faubourg Saint-Honore	31400	France
18 Maple Rd, New York bis, 30301A	New York bis	Maple Rd	30301A	United States
630 Rue de Straasbourg 44000X nANtes	nANtes	Rue de Straasbourg	44000X	France
530-4001 大阪市本町 c/o555	大阪市	本町 c/o	530-4001	日本
286 ถนนจันทน์ ขอนแก่น 83000	ขอนแก่น	ถนนจันทน์	83000	ประเทศไทย
74 Rue de Strasbourg bis 13001B Toulouse	Toulouse	Rue de Strasbourg bis	13001B	France
25 3Rue du Fauborug Saint-Honore 75001X Lyon	Lyon	Rue du Fauborug Saint-Honore	75001X	France
287 Rue de Strabsourg, 31000X PAris	PAris	Rue de Strabsourg	31000X	France
912 Rue de Strasbourg 44000A Nantes	Nantes	Rue de Strasbourg	44000A	France
Callle Alcala 56, 18001 Barcelona	Barcelona	Callle Alcala	18001	Espana
145 Lakeview Drive, Boston apt 90001A	Boston apt	Lakeview Drive	90001A	United States
587 CalleA lcala, 48001B Barcelona	Barcelona	CalleA lcala	48001B	Espana
672 Calle Alacla bis, 48001A Biilbao	Biilbao	Calle Alcala bis	48001A	Espana
200800 上海市市中山路 #875号	上海市市	中山路 #	200800	中国
510060 杭州市解放大道 /B355号	杭州市	解放大道 /B	510060	中国
苏州市和平街9号5 700000	苏州市	和平街	700000	中国
urfuerstendamm 972 80331 Stuttgartt	Stuttgartt	urfuerstendamm	80331	Deutschland
Marktpltz 249 80301 Mnuchen	Mnuchen	Marktplatz	80301	Deutschland
513 Maple dR, Chicaog 14001	Chicaog	Maple dR	14001	United States
434 ถนนารชดำเนิน ภูเก็ต 10200A	ภูเก็ต	ถนนารชดำเนิน	10200A	ประเทศไทย
310001 杭州市和平街街594号	杭州市	和平街街	310001	中国
475 Rue du Faubourg Saint-Honore /B, 63001 ille	ille	Rue du Faubourg Saint-Honore /B	63001	France
824 Rued u Faubourg Saint-Honore 69000 Marseill	Marseill	Rued u Faubourg Saint-Honore	69000	France
東京都銀座646 600-8101	東京都	銀座	600-8101	日本
180000 上海市光明路85号	上海市	光明路	180000	中国
Marktpltaz 907 80335 Hamburg	Hamburg	Marktpltaz	80335	Deutschland
189 Market Street apt, SSeattle, 90001B	SSeattle	Market Street apt	90001B	United States
57 Rue de la Rpublique, 13001B Mrseille	Mrseille	Rue de la Rpublique	13001B	France
東京都本町 bis6 810-0001X	東京都	本町 bis	810-0001X	日本
602-0895A 福岡市桜通り /B445	福岡市	桜通り /B	602-0895A	日本
Rambla de Catalunya 908, 48001B Bilao c/o	Bilao	Rambla de Catalunya	48001B	Espana
ถนนจันทน์ 837 กรุงเทพมหานคร 10351	กรุงเทพมหานคร	ถนนจันทน์	10315	ประเทศไทย
385 Rue de la Republique 69002X LYon apt	LYon	Rue de la Republique	69002X	France
Bahnhofstrasse 973, 20395 Stuttgart	Stuttgart	Bahnhofstrasse	20395	Deutschland
827 raMBLa dE CATalUnyA, 46006 Sevilla #	Sevilla #	raMBLa dE CATalUnyA	46006	Espana
京都市 c/o本町 c/o491 460-0002A	京都市 c/o	本町 c/o	460-0002A	日本
ถนนสีลม 894 ภูเก็ต 10310B #	ภูเก็ต	ถนนสีลม	10310B	ประเทศไทย
530-0001A 東京都中央通り934	東京都	中央通り	530-0001A	日本
大阪市中通央り253 600-8061	大阪市	中通央り	600-8061	日本
692-0895 福岡市 /B銀座座992	福岡市 /B	銀座座	692-0895	日本
東京都本町町691 463-0002	東京都	本町町	463-0002	日本
513000 上海海市人民路 /B912号	上海海市	人民路 /B	513000	中国
ถนนนิมมานเหมินท์ 482 กรุงเทพมหานคร # 50200X	กรุงเทพมหานคร #	ถนนนิมมานเหมินท์	50200X	ประเทศไทย
ถนนราชดำเนิน# 918 ขอนแก่น 10200B	ขอนแก่น	ถนนราชดำเนิน #	10200B	ประเทศไทย
ถนนสุขุมวิท apt 300 เชียงใหม่ bis 50200	เชียงใหม่ bis	ถนนสุขุมวิท apt	50200	ประเทศไทย
深圳市光明路468号 105000	深圳市	光明路	105000	中国
Lindenweg # 875, 80331A Berin	Berin	Lindenweg #	80331A	Deutschland
215000B 杭州市中山路593号	杭州市	中山路	215000B	中国
100 Rue de la Republique c/o 75001A MARSEilLE	MARSEilLE	Rue de la Republique c/o	75001A	France
215001 成都市长安街664号	成都市	长安街	215001	中国
473 Rue du Faubourg Sanit-Honore, 76001 PArIS /B	PArIS	Rue du Faubourg Sanit-Honore	76001	France
นถนสุขุมวิท 168 หาดใหญ่ 90110A	หาดใหญ่	นถนสุขุมวิท	90110A	ประเทศไทย
442 Boulevard Haussmann bis 75001X Marseille c/o	Marseille c/o	Boulevard Haussmann bis	75001X	France
217 Call de Serrano, 28023 BarceLONa	BarceLONa	Call de Serrano	28023	Espana
850-0001 東京都中之島公園900	東京都	中之島公園	850-0001	日本
Paseo de la Castellana c/o 207, 48701 Barcelona	Barcelona	Paseo de la Castellana c/o	48701	Espana
687 Main Stt, aatlANTA 33101B	atlANTA	Main Stt	33101B	United States
543 ถนนสุขุมววิท เชียงใหม่ 50200A	เชียงใหม่	ถนนสุขุมววิท	50200A	ประเทศไทย
ถนนราชดำเนิน 73 กรุงเทพมหานรค 10410	กรุงเทพมหานรค	ถนนราชดำเนิน	10410	ประเทศไทย
成成都市光明路424号 510000X	成成都市	光明路	510000X	中国
510006 北京市 #人民路861号	北京市 #	人民路	510006	中国
ถนนราชดำเินน 484 กุรงเทพมหานคร 83050	กุรงเทพมหานคร	ถนนราชดำเินน	83050	ประเทศไทย
Calle de Serrano 43, 46001A Bilao	Bilao	Calle de Serrano	46001A	Espana
海市人民民路23号 200000A	上海市	人民民路	200000A	中国
ถนนราาชดำเนิน 820 หาดใหหญ่ 83000B	หาดใหหญ่	ถนนราาชดำเนิน	83000B	ประเทศไทย
61200 0深圳市西大大街449号	深圳市	西大大街	612000	中国
166 Oka Ave, Seattel 60611	Seattel	Oka Ave	60611	United States
658 MapleRd, AAustin 80402	AAustin	MapleRd	80402	United States
727 Calle Mayor #, 08003 SEvilLa	SEvilLa	Calle Mayor #	08003	Espana
古名屋市 /B桜通り bis162 100-0001X	名古屋市 /B	桜通り bis	100-0001X	日本
Linednweg 897, 74173 Munchen	Munchen	Linednweg	74173	Deutschland
758 ถนนีสลม เียงใหม่ 20200	เียงใหม่	ถนนีสลม	20200	ประเทศไทย
广州市 bis光明路369号 510005	广州市 bis	光明路	510005	中国
638 Ruue du Faubourg Saint-Honore, 69002X LLyon	LLyon	Ruue du Faubourg Saint-Honore	69002X	France
544 Maple Rd, iami 90001X	iami	Maple Rd	90001X	United States
802 ถนนสุขุมวิท c/o หาดใหญ่ 40004	หาดใหญ่	ถนนสุขุมวิท c/o	40004	ประเทศไทย
深圳市解放大道607号 515000	深圳市	解放大道	515000	中国
988 Boulevard Haussmann c/o 66002 Paris	Paris	Boulevard Haussmann c/o	66002	France
ถนนสีลม 12 ภูเก็ต 50200A	ภูเก็ต	ถนนสีลม	50200A	ประเทศไทย
530-0081 名古屋本町482	名古屋	本町	530-0081	日本
292 grAn via, 46008 Madid	Madid	grAn via	46008	Espana
437 Sunse Blvd, seAttle, 80232	seAttle	Sunse Blvd	80232	United States
518800 深圳市和平平街473号	深圳市	和平平街	518800	中国
99 Brodaway, Miiami, 60602	Miiami	Brodaway	60602	United States
529 Rue de la Paix /B 44000B Toulouse	Toulouse	Rue de la Paix /B	44000B	France
313000 广州市和平街818号	广州市	和平街	313000	中国
537 SunsetB lvd, Denver bis 30301B	Denver bis	SunsetB lvd	30301B	United States
Marrktplatz 892 10117 Hamburg	Hamburg	Marrktplatz	10117	Deutschland
427 Market Street, eNw York, 98161	eNw York	Market Street	98161	United States
MArkTPLaTZ 386, 60311X MuNCHEn	MuNCHEn	MArkTPLaTZ	60311X	Deutschland
東京都銀座76 602-0893	東京都	銀座	602-0893	日本
320 Avenue des Champs-Elysees apt 59003 Prais	Prais	Avenue des Champs-Elysees apt	59003	France
Paseo de la Castellana bis 780, 48008 Barceloan	Barceloan	Paseo de la Castellana bis	48008	Espana
310009 上海市和平街885号	上海市	和平街	310009	中国
282 Rue de Strasbourg, 76001 aMrseille	aMrseille	Rue de Strasbourg	76001	France
518000A 广州市长安街168号	广州市	长安街	518000A	中国
944 Elm treet, nEW York 02108A	nEW York	Elm treet	02108A	United States
210000 杭州市州和平街7号	杭州州市	和平街	210000	中国
100-0006 名名古屋市銀座237	名名古屋市	銀座	100-0006	日本
503 Main St c/o, Los Anggeles # 82108	Los Angeles #	Main St c/o	82108	United States
71 RGaN VIA, 66001 BILBaO	Bilbao	rGan Via	66001	Espana
914 Calle de Serraon, 41001X Granad	Granad	Calle de Serraon	41001X	Espana
苏州市长长安街961号 204000	苏州市	长长安街	204000	中国
964 GrAn VIA, 28013B BArCELona	BArCELona	GrAn VIA	28013B	Espana
100-0001B 福岡市桜通り644	福岡市	桜通り	100-0001B	日本
962 Rue de Strasbourg #, 59000 Lile	Lile	Rue de Strasbourg #	59000	France
ถนนจันทน์ 75 กรุงเทพมหานครร 53000	กรุงเทพมหานครร	ถนนจันทน์	53000	ประเทศไทย
53 MAIn ST, Seattle apt 90021	Seattle apt	MAIn ST	90021	United States
765 Calle de Serrano, 41091 Madrid	Madrid	Calle de Serrano	41091	Espana
909 Rue de la Paaix 69072 Natnes	Natnes	Rue de la Paaix	69072	France
CalLE DE SErRAnO 789, 48001B baRcELoNA	baRcELoNA	CalLE DE SErRAnO	48001B	Espana
223 Rue dee la Paix 59000 Lille	Lille	Rue dee la Paix	59000	France
215400 广州市和平街1001号	广州市	和平街	215400	中国
100400 上海市 #光明路372号	上海市 #	光明路	100400	中国
705 Elm Street, Austinn 60601X	Austinn	Elm Street	60601X	United States
510000X 北京市人民路245号	北京市	人民路	510000X	中国
165 Elm Street, Boston, 02108X	Boston	Elm Street	02108X	United States
850 Market SStreet, Atlanat 10031	Atlanat	Market SStreet	10031	United States
893 pAsEo dE la CASTeLLANA, 40001 Valecia	Valecia	pAsEo dE la CASTeLLANA	40001	Espana
深圳市西大街 #651号 610000A	深圳市	西大街 #	610000A	中国
ถนนสีลม 44 หาใดหญ่ 83000B	หาใดหญ่	ถนนสีลม	83000B	ประเทศไทย
518000A 广州市西大街876号	广州市	西大街	518000A	中国
654 ถนนนิมานเหมินท์ กรุงเทพมมหานคร 83050	กรุงเทพมมหานคร	ถนนนิมานเหมินท์	83050	ประเทศไทย
578000 成都市 bis人民路934号	成都市 bis	人民路	578000	中国
Marktplatz 145, 80115 kolN	kolN	Marktplatz	80115	Deutschland
Calle lcala 181,2 8013B Granada	Granada	Calle lcala	28013B	Espana
452 ถนนสุขุมิวท กรุงเทพมหานคร 59200	กรุงเทพมหานคร	ถนนสุขุมิวท	59200	ประเทศไทย
400-0001 大阪市中央り499	大阪市	中央り	400-0001	日本
407 Main St #, boSTOn 30301B	boSTOn	Main St #	30301B	United States
Lnidenweg 718 60311B Konl	Konl	Lnidenweg	60311B	Deutschland
Hauptsttrasse 85, 80331A Munchhen	Munchhen	Hauptsttrasse	80331A	Deutschland
810 BBroadway, Boston 70001	Boston	BBroadway	70001	United States
530-3001 大大阪市中之島公園349	大大阪市	中之島公園	530-3001	日本
成都市长安街820号 520000	成都市	长安街	520000	中国
lindENWEG 685, 20095 stutTgArT	StutTGaRT	Lindenweg	20095	Deutschland
京都市表参道862 602-1895	京都市	表参道	602-1895	日本
178 ถนนสุขุมวิท c/o เชียใงหม่ 40600 apt	เชียใงหม่	ถนนสุขุมวิท c/o	40600	ประเทศไทย
Rambla de Catalunya 246, 88001 Granada	Granada	Rambla de Catalunya	88001	Espana
北京市和平街 c/o820号 510000B	北京市	和平街 c/o	510000B	中国
449 Maple Rd /B, New York, 60601	New York	Maple Rd /B	60601	United States
ถนนพระรามเก้า 91 ขอนแก่ 50200X	ขอนแก่	ถนนพระรามเก้า	50200X	ประเทศไทย
483 Sunset Bvld, Miami, 02108B	Miami	Sunset Bvld	02108B	United States
CALlE aLCaLA 748, 48001X Barcelona bis	Barcelona bis	CALlE aLCaLA	48001X	Espana
757 Broadway apt, New York /B, 17001	New York /B	Broadway apt	17001	United States
22 ถนนนิมมานเหมินนท์ หาดใหญ่ 40090	หาดใหญ่	ถนนนิมมานเหมินนท์	40090	ประเทศไทย
587 Rambla de Catalunya, 28001 Bilbaoo	Bilbaoo	Rambla de Catalunya	28001	Espana
名古屋市中之島公園398 460-0002A	名古屋市	中之島公園	460-0002A	日本
ถนนสีลม 34 อขนแก่น 10310A	อขนแก่น	ถนนสีลม	10310A	ประเทศไทย
97 Boulevard Haussmann, 43001 Nanets	Nanets	Boulevard Haussmann	43001	France
467 Rue de la Paix bis, 44009 Loyn	Loyn	Rue de la Paix bis	44009	France
988 Broadway bis, Seattel, 80001	Seattel	Broadway bis	80001	United States
810-0002 福岡市桜通りり291	福岡市	桜通りり	810-0002	日本
815 Boadway, New York apt 10001B	New York apt	Boadway	10001B	United States
358 cAle MAyoR, 28813 Barcelonna	Barcelonna	cAlLe MAyoR	28813	Espana
ถนสีลม 295 ภูเก็ต 90110A	ภูเก็ต	ถนสีลม	90110A	ประเทศไทย
245 ถนนสุขุมวิท # ภูเก็ต 40003	ภูเก็ต	ถนนสุขุมวิท #	40003	ประเทศไทย
691 BoULevaRd HAuSsManN, 75601 Lyoon	Lyoon	BoULevaRd HAuSsManN	75601	France
810-0001 福岡市 #之中島公園367	福岡市 #	之中島公園	810-0001	日本
607 Main St, Los AngELEs, 37301	Los AngELEs	Main St	37301	United States
BAHNhoFsTRaSSE 354 10118 Munchenn	Munchenn	BAHNhoFsTRaSSE	10118	Deutschland
877 Avenue es Champs-Elysees, 79001 Marseille	Marseille	Avenue es Champs-Elysees	79001	France
755 Rue du Faubourg Saint-Hoonre 13001B Lyoon	Lyoon	Rue du Faubourg Saint-Hoonre	13001B	France
219 Maple Rd #, AAtlanta 33161	AAtlanta	Maple Rd #	33161	United States
大阪市桜通り730 500-00011	大阪市	桜通り	500-0001	日本
266 ถนนนิมมานเหมินท์ เชียงใหม่ 50600	เชียงใหม่	ถนนนิมมานเหมินท์	50600	ประเทศไทย
810-0051 福福岡市銀座64	福福岡市	銀座	810-0051	日本
Bahnhofstrasse 683 80431 Stuttgart c/o	Stuttgart c/o	Bahnhofstrasse	80431	Deutschland
573 Mape dR, Bston, 30304	Bston	Mape Rd	30304	United States
Bahnhofstrasse 615 00115 Munchen	Munchen	Bahnhofstrasse	00115	Deutschland
911 Rambla de  Catalunya, 08000 Barcelona	Barcelona	Rambla de  Catalunya	08000	Espana
285000 杭州市市长安安街696号	杭州市市	长安安街	285000	中国
610000B 广州市光明路994号	广州市	光明路	610000B	中国
401 Sunste Blvd, New York 98151	New York	Sunste Blvd	98151	United States
246 Boulveard Haussmann, 44000B Lyon	Lyon	Boulveard Haussmann	44000B	France
101-0001 名古屋市中之之島公園174	名古屋市	中之之島公園	101-0001	日本
Calle aMyor 295, 58007 Barceloan	Barceloan	Calle aMyor	58007	Espana
662 Sunseet Blvd, Atlantaa 96101	Atlantaa	Sunseet Blvd	96101	United States
91 Marekt Street, loS ANGeLeS 90021	loS ANGeLeS	Marekt Street	90021	United States
712 cLlE MAyOR, 45001 gGRAnAdA	GGranada	Clle Mayor	45001	Espana
600-8001B 大阪市 bis銀座315	大阪市 bis	銀座	600-8001B	日本
Bahnhofsttrasse 287 60318 kOLN	kOLN	Bahnhofsttrasse	60318	Deutschland
ถนนพระรามเก้้า 716 ภูเก็ตต 10810	ภูเก็ตต	ถนนพระรามเก้้า	10810	ประเทศไทย
100000X 上海市人民路986号	上海市	人民路	100000X	中国
東都京中島公園256 460-0702	東京都	中島公園	460-0702	日本
Gran Via bis 151, 42001 Grranada	Grranada	Gran Via bis	42001	Espana
310001 杭州市人民路 c/o385号	杭州市	人民路 c/o	310001	中国
苏州市中山路866号 100000X	苏州市	中山路	100000X	中国
952 Rue de la Reublique, 01000 Paris	Paris	Rue de la Reublique	01000	France
215200 北京市长安街482号	北京市	长安街	215200	中国
889 ถนนัจนทน์ เชียงใม่ 49000	เชียงใม่	ถนนัจนทน์	49000	ประเทศไทย
Marktplatz 553, 60311B Hammburg	Hammburg	Marktplatz	60311B	Deutschland
526 LLakeview Drive, Chicago 73301X	Chicago	LLakeview Drive	73301X	United States
Paseo de la Castellana 960, 18001A Bilbao	Bilbao	Paseo de la Castellana	18001A	Espana
Kurfuerstendamm 181 50666 HHamburg	HHamburg	Kurfuerstendamm	50666	Deutschland
206 Calle Alcala, 08005 Bilbaao	Bilbaao	Calle Alcala	08005	Espana
杭州市解放大道167号 670000	杭州市	解放大道	670000	中国
Schlossallee 267, 60371 Munchen apt	Munchen apt	Schlossallee	60371	Deutschland
hAUPtStrasse 206, 80331a MuNCHeN	Munchen	Hauptstrasse	80331A	Deutschland
670-8001 東京都表参道455	東京都	表参道	670-8001	日本
東京都銀座229 538-0001	東京都	銀座	538-0001	日本
广州市市和平街733号 100005	广州市市	和平街	100005	中国
251 gRAN VIa, 48001X Valencia	Valencia	gRAN VIa	48001X	Espana
ถนนสีลม 406 กรุงเทพมหานคร apt 40000B	กรุงเทพมหานคร apt	ถนนสีลม	40000B	ประเทศไทย
701 Market Street, iMami, 10005	iMami	Market Street	10005	United States
ถนนพระระามเก้า 929 ภูเก็ตต 83050	ภูเก็ตต	ถนนพระะรามเก้า	83050	ประเทศไทย
Bhnhofstrasse 438, 80231 Stuttgart	Stuttgart	Bhnhofstrasse	80231	Deutschland
691 EElm Street, Denver, 90001A	Denver	EElm Street	90001A	United States
583 ถนนจันทน์ กรุงเทพมหานคร 10310B	กรุงเทพมหานคร	ถนนจันทน์	10310B	ประเทศไทย
444 ruE De la paIX, 13061 NNantes	NNantes	ruE De la paIX	13061	France
380 ถนนสุขขุมวิท หาดใหญ่ c/o 10200X	หาดใหญ่ c/o	ถนนสุขขุมวิท	10200X	ประเทศไทย
402 Calle de Serrano c/o, 28013A SEVILla	SEVILla	Calle de Serrano c/o	28013A	Espana
100 ELlM STreET, aUsTN, 73701	Austn	Ellm Street	73701	United States
ถนนพระรามเก้า /B 900 เชียงใหม่ 40060	เชียงใหม่	ถนนพระรามเก้า /B	40060	ประเทศไทย
848 Avenue des Champs-Elsyees 69009 Lille	Lille	Avenue des Champs-Elsyees	69009	France
847 ถนนสุุุขมวิท ภูเก็ต # 40000B	ภูเก็ต #	ถนนสุุขมวิท	40000B	ประเทศไทย
397 avenUe dES CHaMpS-ELySEeS, 59090 paRrIS	Parris	Avenue des Champs-Elysees	59090	France
128 Boulevard Haussmann bis 75001A yLon	yLon	Boulevard Haussmann bis	75001A	France
810-0001X 東京京都表参道186	東京京都	表参道	810-0001X	日本
441 Ruue du Faubourg Saint-Honore 75008 Nantes	Nantes	Ruue du Faubourg Saint-Honore	75008	France
ถนนรราชดำเนิน 945 กรุงเทพมหานนคร 90110X	กรุงเทพมหานนคร	ถนนรราชดำเนิน	90110X	ประเทศไทย
207 Ellm Street, AuSTiN, 99101	AuSTiN	Ellm Street	99101	United States
600-8001 福岡市中央通り82	福岡市	中央通り	600-8001	日本
717 Mrket Street, Denver, 60602	Denver	Mrket Street	60602	United States
510000X 深圳市光明路755号	深圳市	光明路	510000X	中国
BBahnhofstrasse 983, 50617 Brelin	Brelin	BBahnhofstrasse	50617	Deutschland
940 Lakeview rDive, Austin 10091	Austin	Lakeview rDive	10091	United States
广州市和平街378号 613000	广州市	和平街	613000	中国
55 Calle de Srerano, 18001X Madird	Madird	Calle de Srerano	18001X	Espana
ถนนนิมมานเหมินท์ apt 281 เชียงใหม่ 43000	เชียงใหม่	ถนนนิมมานเหมินท์ apt	43000	ประเทศไทย
428 ถนนนิมมานเหมินท์ เชียงงใหม่ 50200	เชียงงใหม่	ถนนนิมมานเหมินท์	50200	ประเทศไทย
678 Elm Street #, Atllanta, 98101X	Atllanta	Elm Street #	98101X	United States
246 Boulevard Haussmann 69502 Nantes	Nantes	Boulevard Haussmann	69502	France
200800 上上海市长安街116号	上上海市	长安街	200800	中国
ถนนสุขุมวิท 713 กรุงเเทพมหานคร 40200	กรุงเเทพมหานคร	ถนนสุขุมวิท	40200	ประเทศไทย
64 ถนนสุขุมวิท เชียงให่ 30200	เชียงให่	ถนนสุขุมวิท	30200	ประเทศไทย
810-0701 名古屋市表参道27 apt	名古屋市	表参道	810-0701	日本
703 LaKEViEW DRIve, NEW yOrk, 02108X	NEW yOrk	LaKEViEW DRIve	02108X	United States
80 Maple Rd, Nwe York 02808	Nwe York	Maple Rd	02808	United States
京都市中央り818 106-0001	京都市	中央り	106-0001	日本
calle maYoR 843, 08007A Barceelona	Barceelona	calle maYoR	08007A	Espana
469-0002 福岡市市中之島公園 bis203	福岡市市	中之島公園 bis	469-0002	日本
612 Rue de Strasborug, 44000A Nantes	Nantes	Rue de Strasborug	44000A	France
737 Main St, Miaii 02108X	Miai	Main St	02108X	United States
ถนนสีลม 679 เชียงใหม่ 80110	เชียงใหม่	ถนนสีลม	80110	ประเทศไทย
600-9001 大阪市本町359	大阪市	本町	600-9001	日本
100000X 成都市中山路145号	成都市	中山路	100000X	中国
200000B 广州市解大道508号	广州市	解大道	200000B	中国
83 ถนนราชดำเนิน เชียงใหม่ apt 10110	เชียงใหม่ apt	ถนนราชดำเนิน	10110	ประเทศไทย
ถนนสุขุมวิท 468 กรุงเทพมหานคร 70000	กรุงเทพมหานคร	ถนนสุขุมวิท	70000	ประเทศไทย
390 Calle de Serrano, 09007 Mdarid	Mdarid	Calle de Serrano	09007	Espana
82 Rue de Strasbour, 32000 Pariis	Pariis	Rue de Strasbour	32000	France
Calel Mayor 999, 46001X Granada	Granada	Calel Mayor	46001X	Espana
460-0002 東京都銀銀座761	東京都	銀銀座	460-0002	日本
ถนนสีลม  /B 192 หาดใหญ่ 10310X	หาดใหญ่	ถนนสีลม /B	10310X	ประเทศไทย
236 Maple Rd, Atlanta 98107	Atlanta	Maple Rd	98107	United States
深圳市 apt解放道939号215000X	深圳市 apt	解放道	215000X	中国
465 LAKEview driVE, Miam 33301	Miam	LAKEview driVE	33301	United States
558 BOULEVaRd hausSMaNn, 71000 aris	aris	BOULEVaRd hausSMaNn	71000	France
250 Marke tStreet, Seattle 98301	Seattle	Marke tStreet	98301	United States
402 Rue de la PPaix 44000X lillE	lillE	Rue de la PPaix	44000X	France
529 ถนนราชดำเนิน ขอนแกน 50800	ขอนแกน	ถนนราชดำเนิน	50800	ประเทศไทย
441 Laeview Drive, New oYrk 02108B	New oYrk	Laeview Drive	02108B	United States
177 ถนนพะรามเก้า กรุงเทพมหานคร 83000	กรุงเทพมหานคร	ถนนพะรามเก้า	83000	ประเทศไทย
Calle  Alcala 379, 48001 Valencia #	Valencia #	Calle Alcala	48001	Espana
310004 上海市和平街657号	上海市	和平街	310004	中国
ถนนราชำเนิน 732 ภูเก็ต 10310	ภูเก็ต	ถนนราชำเนิน	10310	ประเทศไทย
ถนนสุขุมวิท 908 กรุงเทพมานคร 18200	กรุงเทพมานคร	ถนนสุขุมวิท	18200	ประเทศไทย
602-0899 京都市表参道511	京都市	表参道	602-0899	日本
京都市中央通り562 100-0051	京都市	中央通り	100-0051	日本
ถนนจันทน์ 542 เีชยงใหม่ 90160	เีชยงใหม่	ถนนจันทน์	90160	ประเทศไทย
215010 广州市中中山路105号	广州市	中中山路	215010	中国
RRambla de Catalunya 450, 08307 Valencia	Valencia	RRambla de Catalunya	08307	Espana
612 Rue de Strasbourg, 59400 Marseille	Marseille	Rue de Strasbourg	59400	France
288 Avenue des Champs-Eylsees, 31000A Toulouse /B	Toulouse /B	Avenue des Champs-Eylsees	31000A	France
京都市本町795 602-0895A	京都市	本町	602-0895A	日本
39 Oak Ave, Maimi 90001B	Maimi	Oak Ave	90001B	United States
成都市 bis长安街 apt709号 100000	成都市 bis	长安街 apt	100000	中国
深圳市市人民路185号 100002	深圳市市	人民路	100002	中国
102 MMarket Street, Atlantaa, 97101	Atlantaa	MMarket Street	97101	United States
949 Avenue ds Champs-Elysees, 630002 Toulouse	Toulouse	Avenue ds Champs-Elysees	63002	France
深圳市长安街673号 610004	深圳市	长安街	610004	中国
HaUpTstRasSe 55, 80351 Munchen	Munchen	HaUpTstRasSe	80351	Deutschland
ถนนสุขุมวิท # 297 เชียงหใม่ 90110A	เชียงหใม่	ถนนสุขุมวิท #	90110A	ประเทศไทย
116 rUE DE LA PAiX 6907 Touloouse	Touloouse	rUE DE LA PAiX	69007	France
444 Rue de Strasburg 44000B Paris apt	Paris apt	Rue de Strasburg	44000B	France
福岡市 #銀座905 607-8001	福岡市 #	銀座	607-8001	日本
520-0001 京都市表参道 bis957	京都市	表参道 bis	520-0001	日本
423 Maple Rd, Los Angeles /B 30301X	Los Angeles /B	Maple Rd	30301X	United States
518900 杭州市人民路 #23号	杭州市	人民路 #	518900	中国
ScHLoSsalLEe 642 81331 HHamburg	HHamburg	ScHLoSsalLEe	81331	Deutschland
福岡市桜通り560 810-0001A	福岡市	桜通り	810-0001A	日本
Lindenweg 583 20093 MuNCHeN	MuNCHeN	Lindenweg	20093	Deutschland
BahNHoFstRAssE 626 80331X FrAnKFurT	FrAnKFurT	BahNHoFstRAssE	80331X	Deutschland
497 ถนนพระรามเก้า กรุงเทพมหานคร apt 90150	กรุงเทพมหานคร apt	ถนนพระรามเก้า	90150	ประเทศไทย
932 Rue de la Paix c/o, 44040 Paaris	Paaris	Rue de la Paix c/o	44040	France
Bahnhofstrasse 839, 20095 Munchen c/o	Munchen c/o	Bahnhofstrasse	20095	Deutschland
468 ถนสีลม หาดใหญ่ 50200	หาดใหญ่	ถนสีลม	50200	ประเทศไทย
527 Oak Ave /B, Auustin, 73301	Auustin	Oak Ave /B	73301	United States
100300 成都市西大街379号	成都市	西大街	100300	中国
scHlOssaLLee 522, 23095 Munchenn	Munchenn	scHlOssaLLee	23095	Deutschland
ถนรนาชดำเนิน 737 ขอนแกน่ 50203	ขอนแกน่	ถนรนาชดำเนิน	50203	ประเทศไทย
Calle Mayor 104, 46001A Bilbao	Bilbao	Calle Mayor	46001A	Espana
628 ruE DE LA rEpUBliquE 13021 Lyon	Lyon	ruE DE LA rEpUBliquE	13021	France
597 Calle Mayor, 15001 iBlbao	iBlbao	Calle Mayor	15001	Espana
ถนนสุขุมวิท 651 หาดใหญญ่ 80000	หาดใหญญ่	ถนนสุขุมวิท	80000	ประเทศไทย
681 Re de la Paix 44050 Toulouse	Toulouse	Re de la Paix	44050	France
